origin,destination,search_date,depart_date,price
NYC,LHR,2026-02-09,2026-03-02,194
NYC,LHR,2026-02-09,2026-03-17,194
NYC,LHR,2026-02-09,2026-02-18,196
NYC,LHR,2026-02-09,2026-03-22,196
NYC,LHR,2026-02-09,2026-03-23,196
NYC,LHR,2026-02-09,2026-03-03,204
NYC,LHR,2026-02-09,2026-03-18,204
NYC,LHR,2026-02-09,2026-02-17,208
NYC,LHR,2026-02-09,2026-02-25,208
NYC,LHR,2026-02-09,2026-02-16,210
NYC,LHR,2026-02-09,2026-02-09,210
NYC,LHR,2026-02-09,2026-04-27,214
NYC,LHR,2026-02-09,2026-02-26,217
NYC,LHR,2026-02-09,2026-04-15,219
NYC,LHR,2026-02-09,2026-03-01,220
NYC,DXB,2026-02-09,2026-04-09,330
NYC,DXB,2026-02-09,2026-05-04,330
NYC,DXB,2026-02-09,2026-04-24,334
NYC,DXB,2026-02-09,2026-04-02,334
NYC,DXB,2026-02-09,2026-04-07,341
NYC,DXB,2026-02-09,2026-03-05,345
NYC,DXB,2026-02-09,2026-05-02,350
NYC,DXB,2026-02-09,2026-02-23,355
NYC,DXB,2026-02-09,2026-03-03,356
NYC,DXB,2026-02-09,2026-03-17,356
NYC,DXB,2026-02-09,2026-02-28,357
NYC,DXB,2026-02-09,2026-03-18,357
NYC,TYO,2026-02-09,2026-03-09,234
NYC,TYO,2026-02-09,2026-03-01,252
NYC,TYO,2026-02-09,2026-03-06,253
NYC,TYO,2026-02-09,2026-03-03,255
NYC,TYO,2026-02-09,2026-03-10,255
NYC,TYO,2026-02-09,2026-03-02,255
NYC,TYO,2026-02-09,2026-03-15,268
NYC,TYO,2026-02-09,2026-03-25,273
NYC,TYO,2026-02-09,2026-02-16,290
NYC,TYO,2026-02-09,2026-02-18,298
NYC,TYO,2026-02-09,2026-03-13,312
NYC,TYO,2026-02-09,2026-02-20,316
NYC,TYO,2026-02-09,2026-02-23,400
NYC,TYO,2026-02-09,2026-02-22,403
NYC,TYO,2026-02-09,2026-03-31,416
NYC,TYO,2026-02-09,2026-02-17,418
NYC,SIN,2026-02-09,2026-04-10,224
NYC,SIN,2026-02-09,2026-02-17,353
NYC,SIN,2026-02-09,2026-05-11,357
NYC,CDG,2026-02-09,2026-03-30,207
NYC,CDG,2026-02-09,2026-02-15,210
NYC,CDG,2026-02-09,2026-03-04,218
NYC,CDG,2026-02-09,2026-02-18,218
NYC,CDG,2026-02-09,2026-02-17,221
NYC,CDG,2026-02-09,2026-03-25,221
NYC,CDG,2026-02-09,2026-03-18,222
NYC,CDG,2026-02-09,2026-03-22,232
NYC,CDG,2026-02-09,2026-03-24,233
NYC,CDG,2026-02-09,2026-03-21,234
NYC,CDG,2026-02-09,2026-02-19,237
NYC,CDG,2026-02-09,2026-03-15,238
NYC,CDG,2026-02-09,2026-02-22,243
NYC,CDG,2026-02-09,2026-02-10,244
NYC,CDG,2026-02-09,2026-02-11,247
NYC,CDG,2026-02-09,2026-03-09,248
NYC,CDG,2026-02-09,2026-05-13,250
NYC,CDG,2026-02-09,2026-02-21,251
NYC,CDG,2026-02-09,2026-04-16,254
NYC,CDG,2026-02-09,2026-04-24,254
NYC,CDG,2026-02-09,2026-03-10,257
NYC,CDG,2026-02-09,2026-03-16,258
NYC,LAX,2026-02-09,2026-03-11,71
NYC,LAX,2026-02-09,2026-03-10,72
NYC,LAX,2026-02-09,2026-03-04,73
NYC,LAX,2026-02-09,2026-03-17,74
NYC,LAX,2026-02-09,2026-03-03,74
NYC,LAX,2026-02-09,2026-04-15,74
NYC,LAX,2026-02-09,2026-04-25,74
NYC,LAX,2026-02-09,2026-03-18,74
NYC,LAX,2026-02-09,2026-03-24,74
NYC,LAX,2026-02-09,2026-05-12,75
NYC,LAX,2026-02-09,2026-05-19,75
NYC,LAX,2026-02-09,2026-04-29,75
NYC,LAX,2026-02-09,2026-04-18,75
NYC,LAX,2026-02-09,2026-04-14,77
NYC,LAX,2026-02-09,2026-05-16,77
NYC,LAX,2026-02-09,2026-04-28,79
NYC,LAX,2026-02-09,2026-02-21,81
NYC,LAX,2026-02-09,2026-06-02,81
NYC,LAX,2026-02-09,2026-03-21,82
NYC,LAX,2026-02-09,2026-05-13,83
NYC,HND,2026-02-09,2026-03-15,268
NYC,HND,2026-02-09,2026-03-01,271
NYC,HND,2026-02-09,2026-03-25,273
NYC,HND,2026-02-09,2026-03-13,312
NYC,HND,2026-02-09,2026-02-20,316
NYC,HND,2026-02-09,2026-03-06,317
NYC,HND,2026-02-09,2026-03-09,442
NYC,HND,2026-02-09,2026-04-16,457
NYC,HND,2026-02-09,2026-02-16,459
NYC,HND,2026-02-09,2026-02-28,482
NYC,HND,2026-02-09,2026-02-23,483
NYC,HND,2026-02-09,2026-03-10,484
NYC,HND,2026-02-09,2026-03-03,484
NYC,HND,2026-02-09,2026-03-02,486
NYC,HND,2026-02-09,2026-02-15,496
NYC,HND,2026-02-09,2026-02-10,496
NYC,HND,2026-02-09,2026-02-17,498
NYC,SYD,2026-02-09,2026-03-11,449
NYC,SYD,2026-02-09,2026-03-06,473
NYC,SYD,2026-02-09,2026-02-27,474
NYC,SYD,2026-02-09,2026-02-23,497
NYC,SYD,2026-02-09,2026-05-29,499
NYC,SYD,2026-02-09,2026-03-01,529
NYC,SYD,2026-02-09,2026-02-22,545
NYC,SYD,2026-02-09,2026-05-18,545
NYC,SYD,2026-02-09,2026-03-09,552
NYC,SYD,2026-02-09,2026-03-13,553
NYC,SYD,2026-02-09,2026-03-05,562
NYC,SYD,2026-02-09,2026-02-19,573
NYC,MIA,2026-02-09,2026-04-07,26
NYC,MIA,2026-02-09,2026-03-10,28
NYC,MIA,2026-02-09,2026-05-02,28
NYC,MIA,2026-02-09,2026-05-03,29
NYC,MIA,2026-02-09,2026-04-29,29
NYC,MIA,2026-02-09,2026-04-11,29
NYC,MIA,2026-02-09,2026-05-09,29
NYC,MIA,2026-02-09,2026-03-23,29
NYC,MIA,2026-02-09,2026-04-25,29
NYC,MIA,2026-02-09,2026-05-06,29
NYC,MIA,2026-02-09,2026-03-21,29
NYC,MIA,2026-02-09,2026-04-22,29
NYC,MIA,2026-02-09,2026-03-03,30
NYC,MIA,2026-02-09,2026-05-13,30
NYC,MIA,2026-02-09,2026-03-02,30
NYC,MIA,2026-02-09,2026-02-24,30
NYC,MIA,2026-02-09,2026-03-11,30
NYC,MIA,2026-02-09,2026-02-23,31
NYC,MIA,2026-02-09,2026-03-04,31
NYC,MIA,2026-02-09,2026-03-01,31
NYC,MIA,2026-02-09,2026-02-22,31
NYC,MIA,2026-02-09,2026-02-25,32
LHR,NYC,2026-02-09,2026-04-13,349
LHR,NYC,2026-02-09,2026-04-14,372
LHR,NYC,2026-02-09,2026-05-13,375
LHR,NYC,2026-02-09,2026-05-12,378
LHR,NYC,2026-02-09,2026-04-16,384
LHR,NYC,2026-02-09,2026-04-19,386
LHR,NYC,2026-02-09,2026-05-04,386
LHR,NYC,2026-02-09,2026-05-27,389
LHR,NYC,2026-02-09,2026-03-24,390
LHR,NYC,2026-02-09,2026-05-26,394
LHR,DXB,2026-02-09,2026-03-11,162
LHR,DXB,2026-02-09,2026-03-06,207
LHR,DXB,2026-02-09,2026-02-27,218
LHR,DXB,2026-02-09,2026-03-04,224
LHR,DXB,2026-02-09,2026-02-18,224
LHR,DXB,2026-02-09,2026-02-24,229
LHR,DXB,2026-02-09,2026-03-15,239
LHR,DXB,2026-02-09,2026-03-02,239
LHR,DXB,2026-02-09,2026-02-25,240
LHR,DXB,2026-02-09,2026-04-29,243
LHR,DXB,2026-02-09,2026-02-21,247
LHR,DXB,2026-02-09,2026-02-20,250
LHR,DXB,2026-02-09,2026-02-28,251
LHR,DXB,2026-02-09,2026-03-12,254
LHR,DXB,2026-02-09,2026-02-26,255
LHR,DXB,2026-02-09,2026-04-06,258
LHR,DXB,2026-02-09,2026-04-25,259
LHR,DXB,2026-02-09,2026-03-20,259
LHR,DXB,2026-02-09,2026-03-22,259
LHR,DXB,2026-02-09,2026-05-05,262
LHR,DXB,2026-02-09,2026-03-07,265
LHR,DXB,2026-02-09,2026-03-16,267
LHR,DXB,2026-02-09,2026-03-14,267
LHR,TYO,2026-02-09,2026-04-20,447
LHR,TYO,2026-02-09,2026-06-01,453
LHR,TYO,2026-02-09,2026-03-14,454
LHR,TYO,2026-02-09,2026-03-08,456
LHR,TYO,2026-02-09,2026-03-05,457
LHR,TYO,2026-02-09,2026-03-09,459
LHR,TYO,2026-02-09,2026-02-18,459
LHR,TYO,2026-02-09,2026-06-11,460
LHR,TYO,2026-02-09,2026-04-06,463
LHR,TYO,2026-02-09,2026-03-11,464
LHR,TYO,2026-02-09,2026-03-06,467
LHR,TYO,2026-02-09,2026-06-10,469
LHR,SIN,2026-02-09,2026-04-30,357
LHR,SIN,2026-02-09,2026-02-24,380
LHR,SIN,2026-02-09,2026-02-26,395
LHR,CDG,2026-02-09,2026-03-06,83
LHR,CDG,2026-02-09,2026-02-27,86
LHR,CDG,2026-02-09,2026-03-15,88
LHR,CDG,2026-02-09,2026-02-28,90
LHR,CDG,2026-02-09,2026-07-01,91
LHR,CDG,2026-02-09,2026-04-03,94
LHR,CDG,2026-02-09,2026-03-31,95
LHR,CDG,2026-02-09,2026-06-26,95
LHR,CDG,2026-02-09,2026-06-25,95
LHR,CDG,2026-02-09,2026-04-21,95
LHR,CDG,2026-02-09,2026-06-15,97
LHR,CDG,2026-02-09,2026-06-14,97
LHR,CDG,2026-02-09,2026-05-07,97
LHR,CDG,2026-02-09,2026-03-11,98
LHR,LAX,2026-02-09,2026-02-19,394
LHR,LAX,2026-02-09,2026-03-07,403
LHR,LAX,2026-02-09,2026-03-04,409
LHR,LAX,2026-02-09,2026-02-28,413
LHR,LAX,2026-02-09,2026-03-03,413
LHR,LAX,2026-02-09,2026-04-14,413
LHR,LAX,2026-02-09,2026-02-26,422
LHR,HND,2026-02-09,2026-04-20,447
LHR,HND,2026-02-09,2026-06-01,454
LHR,HND,2026-02-09,2026-03-14,454
LHR,HND,2026-02-09,2026-03-08,456
LHR,HND,2026-02-09,2026-03-05,457
LHR,HND,2026-02-09,2026-03-09,459
LHR,HND,2026-02-09,2026-02-18,459
LHR,HND,2026-02-09,2026-06-11,460
LHR,HND,2026-02-09,2026-04-06,463
LHR,HND,2026-02-09,2026-03-11,467
LHR,HND,2026-02-09,2026-03-06,467
LHR,HND,2026-02-09,2026-06-10,469
LHR,SYD,2026-02-09,2026-03-10,474
LHR,SYD,2026-02-09,2026-05-12,490
LHR,SYD,2026-02-09,2026-03-09,503
LHR,SYD,2026-02-09,2026-03-07,516
LHR,SYD,2026-02-09,2026-03-16,551
LHR,SYD,2026-02-09,2026-04-08,552
LHR,MIA,2026-02-09,2026-04-20,395
LHR,MIA,2026-02-09,2026-04-29,397
LHR,MIA,2026-02-09,2026-03-14,401
LHR,MIA,2026-02-09,2026-03-15,406
LHR,MIA,2026-02-09,2026-03-19,412
LHR,MIA,2026-02-09,2026-04-21,416
LHR,MIA,2026-02-09,2026-04-14,416
LHR,MIA,2026-02-09,2026-02-22,419
LHR,MIA,2026-02-09,2026-02-21,423
LHR,MIA,2026-02-09,2026-02-28,425
DXB,NYC,2026-02-09,2026-06-11,368
DXB,NYC,2026-02-09,2026-06-09,407
DXB,NYC,2026-02-09,2026-03-10,412
DXB,NYC,2026-02-09,2026-03-28,412
DXB,NYC,2026-02-09,2026-02-24,412
DXB,NYC,2026-02-09,2026-04-07,412
DXB,NYC,2026-02-09,2026-04-21,414
DXB,NYC,2026-02-09,2026-05-30,418
DXB,NYC,2026-02-09,2026-04-14,418
DXB,NYC,2026-02-09,2026-05-05,419
DXB,NYC,2026-02-09,2026-05-12,420
DXB,NYC,2026-02-09,2026-05-19,421
DXB,NYC,2026-02-09,2026-06-20,428
DXB,NYC,2026-02-09,2026-02-19,428
DXB,NYC,2026-02-09,2026-02-26,429
DXB,NYC,2026-02-09,2026-04-22,430
DXB,NYC,2026-02-09,2026-02-14,432
DXB,NYC,2026-02-09,2026-03-03,432
DXB,NYC,2026-02-09,2026-03-06,434
DXB,NYC,2026-02-09,2026-02-23,434
DXB,NYC,2026-02-09,2026-05-18,436
DXB,NYC,2026-02-09,2026-05-28,438
DXB,LHR,2026-02-09,2026-03-29,190
DXB,LHR,2026-02-09,2026-03-15,193
DXB,LHR,2026-02-09,2026-05-12,203
DXB,LHR,2026-02-09,2026-03-12,205
DXB,LHR,2026-02-09,2026-05-15,205
DXB,LHR,2026-02-09,2026-03-09,205
DXB,LHR,2026-02-09,2026-03-10,206
DXB,LHR,2026-02-09,2026-03-16,207
DXB,LHR,2026-02-09,2026-03-06,209
DXB,LHR,2026-02-09,2026-04-24,209
DXB,LHR,2026-02-09,2026-04-29,211
DXB,LHR,2026-02-09,2026-05-13,212
DXB,LHR,2026-02-09,2026-03-08,213
DXB,LHR,2026-02-09,2026-05-31,213
DXB,LHR,2026-02-09,2026-03-01,213
DXB,LHR,2026-02-09,2026-06-15,213
DXB,LHR,2026-02-09,2026-07-07,214
DXB,TYO,2026-02-09,2026-03-17,284
DXB,TYO,2026-02-09,2026-06-01,304
DXB,TYO,2026-02-09,2026-05-26,306
DXB,TYO,2026-02-09,2026-05-19,309
DXB,TYO,2026-02-09,2026-04-22,310
DXB,TYO,2026-02-09,2026-05-15,310
DXB,TYO,2026-02-09,2026-04-17,310
DXB,TYO,2026-02-09,2026-06-28,311
DXB,TYO,2026-02-09,2026-06-25,311
DXB,TYO,2026-02-09,2026-05-17,311
DXB,TYO,2026-02-09,2026-07-03,312
DXB,TYO,2026-02-09,2026-04-19,312
DXB,TYO,2026-02-09,2026-06-24,313
DXB,TYO,2026-02-09,2026-05-13,315
DXB,TYO,2026-02-09,2026-05-08,316
DXB,TYO,2026-02-09,2026-04-20,316
DXB,TYO,2026-02-09,2026-05-21,316
DXB,TYO,2026-02-09,2026-06-22,316
DXB,SIN,2026-02-09,2026-04-13,151
DXB,SIN,2026-02-09,2026-04-08,157
DXB,SIN,2026-02-09,2026-04-15,159
DXB,SIN,2026-02-09,2026-04-07,160
DXB,SIN,2026-02-09,2026-04-22,160
DXB,SIN,2026-02-09,2026-04-02,161
DXB,SIN,2026-02-09,2026-02-17,161
DXB,SIN,2026-02-09,2026-04-21,162
DXB,SIN,2026-02-09,2026-03-26,162
DXB,SIN,2026-02-09,2026-03-05,162
DXB,SIN,2026-02-09,2026-04-01,162
DXB,SIN,2026-02-09,2026-04-27,163
DXB,SIN,2026-02-09,2026-03-02,163
DXB,SIN,2026-02-09,2026-03-03,163
DXB,SIN,2026-02-09,2026-03-09,164
DXB,SIN,2026-02-09,2026-04-23,165
DXB,SIN,2026-02-09,2026-04-16,165
DXB,SIN,2026-02-09,2026-04-06,166
DXB,SIN,2026-02-09,2026-04-12,167
DXB,SIN,2026-02-09,2026-03-04,168
DXB,SIN,2026-02-09,2026-03-25,168
DXB,SIN,2026-02-09,2026-02-16,168
DXB,SIN,2026-02-09,2026-04-11,169
DXB,SIN,2026-02-09,2026-04-17,169
DXB,SIN,2026-02-09,2026-04-18,169
DXB,CDG,2026-02-09,2026-05-13,167
DXB,CDG,2026-02-09,2026-03-27,168
DXB,CDG,2026-02-09,2026-07-07,169
DXB,CDG,2026-02-09,2026-03-21,174
DXB,CDG,2026-02-09,2026-03-30,175
DXB,CDG,2026-02-09,2026-04-05,175
DXB,CDG,2026-02-09,2026-04-10,175
DXB,CDG,2026-02-09,2026-03-23,178
DXB,CDG,2026-02-09,2026-04-03,178
DXB,CDG,2026-02-09,2026-05-20,178
DXB,CDG,2026-02-09,2026-04-07,179
DXB,CDG,2026-02-09,2026-03-25,181
DXB,CDG,2026-02-09,2026-04-08,181
DXB,CDG,2026-02-09,2026-03-15,182
DXB,CDG,2026-02-09,2026-03-13,182
DXB,CDG,2026-02-09,2026-04-06,182
DXB,CDG,2026-02-09,2026-05-11,183
DXB,CDG,2026-02-09,2026-03-09,184
DXB,CDG,2026-02-09,2026-03-04,186
DXB,CDG,2026-02-09,2026-03-10,186
DXB,CDG,2026-02-09,2026-03-11,186
DXB,CDG,2026-02-09,2026-02-17,187
DXB,LAX,2026-02-09,2026-03-10,525
DXB,LAX,2026-02-09,2026-03-07,530
DXB,LAX,2026-02-09,2026-05-26,541
DXB,LAX,2026-02-09,2026-06-11,542
DXB,LAX,2026-02-09,2026-06-02,546
DXB,LAX,2026-02-09,2026-04-28,547
DXB,LAX,2026-02-09,2026-04-14,551
DXB,LAX,2026-02-09,2026-03-05,563
DXB,LAX,2026-02-09,2026-03-09,563
DXB,LAX,2026-02-09,2026-03-03,564
DXB,LAX,2026-02-09,2026-02-24,565
DXB,LAX,2026-02-09,2026-04-07,567
DXB,HND,2026-02-09,2026-04-17,310
DXB,HND,2026-02-09,2026-03-03,323
DXB,HND,2026-02-09,2026-05-15,324
DXB,HND,2026-02-09,2026-03-17,324
DXB,HND,2026-02-09,2026-04-21,325
DXB,HND,2026-02-09,2026-05-09,326
DXB,HND,2026-02-09,2026-04-20,327
DXB,HND,2026-02-09,2026-03-07,332
DXB,HND,2026-02-09,2026-04-19,334
DXB,HND,2026-02-09,2026-06-04,334
DXB,HND,2026-02-09,2026-03-08,335
DXB,HND,2026-02-09,2026-06-25,336
DXB,HND,2026-02-09,2026-02-15,337
DXB,HND,2026-02-09,2026-04-24,338
DXB,HND,2026-02-09,2026-05-21,341
DXB,HND,2026-02-09,2026-02-14,341
DXB,HND,2026-02-09,2026-04-15,342
DXB,HND,2026-02-09,2026-04-29,343
DXB,SYD,2026-02-09,2026-03-05,311
DXB,SYD,2026-02-09,2026-03-28,330
DXB,SYD,2026-02-09,2026-03-29,334
DXB,SYD,2026-02-09,2026-03-03,341
DXB,SYD,2026-02-09,2026-04-03,343
DXB,SYD,2026-02-09,2026-03-04,343
DXB,SYD,2026-02-09,2026-03-08,346
DXB,SYD,2026-02-09,2026-04-11,348
DXB,SYD,2026-02-09,2026-03-09,349
DXB,SYD,2026-02-09,2026-03-22,352
DXB,SYD,2026-02-09,2026-03-23,353
DXB,SYD,2026-02-09,2026-05-12,356
DXB,SYD,2026-02-09,2026-02-25,371
DXB,SYD,2026-02-09,2026-04-01,377
DXB,SYD,2026-02-09,2026-03-24,378
DXB,SYD,2026-02-09,2026-05-13,379
DXB,SYD,2026-02-09,2026-06-04,389
DXB,SYD,2026-02-09,2026-04-12,391
DXB,SYD,2026-02-09,2026-02-28,391
DXB,SYD,2026-02-09,2026-02-27,393
DXB,MIA,2026-02-09,2026-02-17,433
DXB,MIA,2026-02-09,2026-03-10,449
DXB,MIA,2026-02-09,2026-03-03,451
DXB,MIA,2026-02-09,2026-03-02,470
DXB,MIA,2026-02-09,2026-03-07,471
DXB,MIA,2026-02-09,2026-03-12,476
DXB,MIA,2026-02-09,2026-03-05,480
DXB,MIA,2026-02-09,2026-02-24,483
DXB,MIA,2026-02-09,2026-03-09,490
DXB,MIA,2026-02-09,2026-02-19,503
DXB,MIA,2026-02-09,2026-02-25,507
DXB,MIA,2026-02-09,2026-03-24,507
DXB,MIA,2026-02-09,2026-04-18,508
DXB,MIA,2026-02-09,2026-03-28,511
DXB,MIA,2026-02-09,2026-02-16,518
DXB,MIA,2026-02-09,2026-03-04,520
DXB,MIA,2026-02-09,2026-02-18,520
DXB,MIA,2026-02-09,2026-02-27,521
DXB,MIA,2026-02-09,2026-02-26,523
DXB,MIA,2026-02-09,2026-03-13,524
DXB,MIA,2026-02-09,2026-04-13,533
DXB,MIA,2026-02-09,2026-04-19,533
DXB,MIA,2026-02-09,2026-03-16,533
TYO,NYC,2026-02-09,2026-02-24,389
TYO,NYC,2026-02-09,2026-03-03,396
TYO,NYC,2026-02-09,2026-02-19,415
TYO,NYC,2026-02-09,2026-03-10,418
TYO,NYC,2026-02-09,2026-02-27,453
TYO,NYC,2026-02-09,2026-04-07,456
TYO,NYC,2026-02-09,2026-03-02,466
TYO,NYC,2026-02-09,2026-05-05,471
TYO,NYC,2026-02-09,2026-02-12,473
TYO,NYC,2026-02-09,2026-03-11,478
TYO,NYC,2026-02-09,2026-04-01,480
TYO,NYC,2026-02-09,2026-02-28,481
TYO,NYC,2026-02-09,2026-02-25,487
TYO,NYC,2026-02-09,2026-03-09,499
TYO,NYC,2026-02-09,2026-02-22,500
TYO,NYC,2026-02-09,2026-05-24,501
TYO,LHR,2026-02-09,2026-03-18,307
TYO,LHR,2026-02-09,2026-03-16,315
TYO,LHR,2026-02-09,2026-05-17,316
TYO,LHR,2026-02-09,2026-03-20,325
TYO,LHR,2026-02-09,2026-03-30,325
TYO,LHR,2026-02-09,2026-05-08,326
TYO,LHR,2026-02-09,2026-03-14,326
TYO,LHR,2026-02-09,2026-03-24,334
TYO,LHR,2026-02-09,2026-05-04,338
TYO,DXB,2026-02-09,2026-03-13,240
TYO,DXB,2026-02-09,2026-03-22,240
TYO,DXB,2026-02-09,2026-03-18,249
TYO,DXB,2026-02-09,2026-04-15,250
TYO,DXB,2026-02-09,2026-05-01,250
TYO,DXB,2026-02-09,2026-04-17,251
TYO,DXB,2026-02-09,2026-04-14,251
TYO,DXB,2026-02-09,2026-05-18,251
TYO,DXB,2026-02-09,2026-03-11,251
TYO,DXB,2026-02-09,2026-05-30,251
TYO,DXB,2026-02-09,2026-05-14,251
TYO,DXB,2026-02-09,2026-04-22,252
TYO,DXB,2026-02-09,2026-06-01,252
TYO,DXB,2026-02-09,2026-05-22,252
TYO,DXB,2026-02-09,2026-05-13,252
TYO,DXB,2026-02-09,2026-05-29,252
TYO,DXB,2026-02-09,2026-04-20,253
TYO,DXB,2026-02-09,2026-03-04,254
TYO,DXB,2026-02-09,2026-03-17,254
TYO,DXB,2026-02-09,2026-04-16,254
TYO,SIN,2026-02-09,2026-04-09,110
TYO,SIN,2026-02-09,2026-05-11,110
TYO,SIN,2026-02-09,2026-05-08,111
TYO,SIN,2026-02-09,2026-05-15,112
TYO,SIN,2026-02-09,2026-04-11,112
TYO,SIN,2026-02-09,2026-04-12,113
TYO,SIN,2026-02-09,2026-05-05,115
TYO,SIN,2026-02-09,2026-05-18,115
TYO,SIN,2026-02-09,2026-05-20,115
TYO,SIN,2026-02-09,2026-03-13,116
TYO,SIN,2026-02-09,2026-05-28,116
TYO,SIN,2026-02-09,2026-03-12,117
TYO,SIN,2026-02-09,2026-03-19,118
TYO,SIN,2026-02-09,2026-05-25,118
TYO,CDG,2026-02-09,2026-06-30,344
TYO,CDG,2026-02-09,2026-03-10,353
TYO,CDG,2026-02-09,2026-06-18,357
TYO,LAX,2026-02-09,2026-03-25,304
TYO,LAX,2026-02-09,2026-03-04,316
TYO,LAX,2026-02-09,2026-02-26,318
TYO,LAX,2026-02-09,2026-02-19,322
TYO,LAX,2026-02-09,2026-05-20,323
TYO,LAX,2026-02-09,2026-05-12,323
TYO,LAX,2026-02-09,2026-03-03,323
TYO,LAX,2026-02-09,2026-02-25,326
TYO,LAX,2026-02-09,2026-05-13,326
TYO,LAX,2026-02-09,2026-02-27,331
TYO,LAX,2026-02-09,2026-03-16,333
TYO,LAX,2026-02-09,2026-02-11,344
TYO,SYD,2026-02-09,2026-05-07,209
TYO,SYD,2026-02-09,2026-05-04,210
TYO,SYD,2026-02-09,2026-06-25,211
TYO,SYD,2026-02-09,2026-05-20,213
TYO,SYD,2026-02-09,2026-06-14,214
TYO,SYD,2026-02-09,2026-06-15,214
TYO,SYD,2026-02-09,2026-05-06,215
TYO,SYD,2026-02-09,2026-05-13,216
TYO,SYD,2026-02-09,2026-05-08,219
TYO,SYD,2026-02-09,2026-05-21,223
TYO,MIA,2026-02-09,2026-02-27,511
TYO,MIA,2026-02-09,2026-03-25,561
TYO,MIA,2026-02-09,2026-02-16,595
TYO,MIA,2026-02-09,2026-02-11,652
TYO,MIA,2026-02-09,2026-04-08,736
SIN,NYC,2026-02-09,2026-06-01,496
SIN,NYC,2026-02-09,2026-03-03,520
SIN,NYC,2026-02-09,2026-04-23,528
SIN,NYC,2026-02-09,2026-04-21,532
SIN,NYC,2026-02-09,2026-05-23,534
SIN,NYC,2026-02-09,2026-03-24,535
SIN,NYC,2026-02-09,2026-02-26,536
SIN,NYC,2026-02-09,2026-04-24,540
SIN,NYC,2026-02-09,2026-05-08,544
SIN,NYC,2026-02-09,2026-06-16,549
SIN,NYC,2026-02-09,2026-05-04,550
SIN,NYC,2026-02-09,2026-04-04,551
SIN,NYC,2026-02-09,2026-05-03,554
SIN,LHR,2026-02-09,2026-04-30,287
SIN,LHR,2026-02-09,2026-05-21,294
SIN,LHR,2026-02-09,2026-03-17,301
SIN,LHR,2026-02-09,2026-03-04,303
SIN,DXB,2026-02-09,2026-03-05,192
SIN,DXB,2026-02-09,2026-03-09,193
SIN,DXB,2026-02-09,2026-03-02,193
SIN,DXB,2026-02-09,2026-03-16,195
SIN,DXB,2026-02-09,2026-07-09,196
SIN,DXB,2026-02-09,2026-03-06,198
SIN,DXB,2026-02-09,2026-03-08,198
SIN,DXB,2026-02-09,2026-03-18,199
SIN,DXB,2026-02-09,2026-03-17,201
SIN,DXB,2026-02-09,2026-03-01,202
SIN,DXB,2026-02-09,2026-05-12,202
SIN,DXB,2026-02-09,2026-03-12,205
SIN,DXB,2026-02-09,2026-03-10,206
SIN,DXB,2026-02-09,2026-05-11,207
SIN,DXB,2026-02-09,2026-06-23,207
SIN,DXB,2026-02-09,2026-03-03,207
SIN,TYO,2026-02-09,2026-04-26,144
SIN,TYO,2026-02-09,2026-04-22,146
SIN,TYO,2026-02-09,2026-04-29,160
SIN,TYO,2026-02-09,2026-04-20,167
SIN,TYO,2026-02-09,2026-06-27,169
SIN,TYO,2026-02-09,2026-04-08,170
SIN,TYO,2026-02-09,2026-04-24,171
SIN,TYO,2026-02-09,2026-05-03,171
SIN,TYO,2026-02-09,2026-04-23,171
SIN,TYO,2026-02-09,2026-04-06,174
SIN,TYO,2026-02-09,2026-04-16,175
SIN,TYO,2026-02-09,2026-03-03,175
SIN,TYO,2026-02-09,2026-05-16,179
SIN,CDG,2026-02-09,2026-02-17,271
SIN,CDG,2026-02-09,2026-02-18,272
SIN,CDG,2026-02-09,2026-02-16,295
SIN,CDG,2026-02-09,2026-04-08,311
SIN,CDG,2026-02-09,2026-02-22,318
SIN,CDG,2026-02-09,2026-02-23,318
SIN,CDG,2026-02-09,2026-03-08,325
SIN,CDG,2026-02-09,2026-04-18,333
SIN,LAX,2026-02-09,2026-02-26,428
SIN,LAX,2026-02-09,2026-02-18,441
SIN,LAX,2026-02-09,2026-02-13,459
SIN,LAX,2026-02-09,2026-04-07,462
SIN,HND,2026-02-09,2026-04-26,144
SIN,HND,2026-02-09,2026-04-22,146
SIN,HND,2026-02-09,2026-04-08,170
SIN,HND,2026-02-09,2026-04-23,171
SIN,HND,2026-02-09,2026-04-06,174
SIN,HND,2026-02-09,2026-04-16,175
SIN,HND,2026-02-09,2026-04-20,180
SIN,HND,2026-02-09,2026-04-24,182
SIN,HND,2026-02-09,2026-05-18,183
SIN,HND,2026-02-09,2026-04-29,183
SIN,HND,2026-02-09,2026-04-25,184
SIN,HND,2026-02-09,2026-05-03,185
SIN,HND,2026-02-09,2026-05-11,185
SIN,HND,2026-02-09,2026-04-15,185
SIN,HND,2026-02-09,2026-06-02,186
SIN,HND,2026-02-09,2026-06-27,186
SIN,SYD,2026-02-09,2026-03-06,163
SIN,SYD,2026-02-09,2026-05-08,177
SIN,SYD,2026-02-09,2026-05-10,180
SIN,SYD,2026-02-09,2026-03-29,181
SIN,SYD,2026-02-09,2026-03-20,181
SIN,SYD,2026-02-09,2026-05-09,181
SIN,SYD,2026-02-09,2026-03-03,182
SIN,SYD,2026-02-09,2026-03-17,182
SIN,SYD,2026-02-09,2026-03-10,183
SIN,SYD,2026-02-09,2026-03-16,187
SIN,SYD,2026-02-09,2026-03-04,190
SIN,SYD,2026-02-09,2026-03-07,190
SIN,SYD,2026-02-09,2026-03-23,190
SIN,SYD,2026-02-09,2026-03-11,190
SIN,SYD,2026-02-09,2026-03-09,190
SIN,SYD,2026-02-09,2026-03-18,190
SIN,SYD,2026-02-09,2026-03-15,190
SIN,SYD,2026-02-09,2026-03-02,190
SIN,SYD,2026-02-09,2026-05-27,190
SIN,SYD,2026-02-09,2026-03-05,191
SIN,SYD,2026-02-09,2026-03-28,191
CDG,NYC,2026-02-09,2026-06-26,337
CDG,NYC,2026-02-09,2026-06-05,338
CDG,NYC,2026-02-09,2026-06-21,347
CDG,NYC,2026-02-09,2026-03-17,360
CDG,NYC,2026-02-09,2026-06-14,363
CDG,NYC,2026-02-09,2026-04-23,366
CDG,NYC,2026-02-09,2026-04-24,366
CDG,NYC,2026-02-09,2026-03-31,368
CDG,NYC,2026-02-09,2026-05-08,373
CDG,NYC,2026-02-09,2026-02-26,375
CDG,NYC,2026-02-09,2026-05-10,376
CDG,NYC,2026-02-09,2026-05-04,378
CDG,NYC,2026-02-09,2026-05-06,378
CDG,NYC,2026-02-09,2026-05-14,380
CDG,NYC,2026-02-09,2026-03-05,380
CDG,NYC,2026-02-09,2026-03-03,382
CDG,LHR,2026-02-09,2026-02-27,92
CDG,LHR,2026-02-09,2026-03-02,92
CDG,LHR,2026-02-09,2026-06-15,93
CDG,LHR,2026-02-09,2026-03-16,93
CDG,LHR,2026-02-09,2026-07-08,93
CDG,LHR,2026-02-09,2026-03-06,94
CDG,LHR,2026-02-09,2026-05-06,94
CDG,LHR,2026-02-09,2026-04-29,96
CDG,LHR,2026-02-09,2026-02-28,97
CDG,LHR,2026-02-09,2026-04-22,98
CDG,LHR,2026-02-09,2026-02-24,98
CDG,LHR,2026-02-09,2026-03-19,99
CDG,DXB,2026-02-09,2026-03-08,141
CDG,DXB,2026-02-09,2026-03-04,145
CDG,DXB,2026-02-09,2026-03-07,174
CDG,DXB,2026-02-09,2026-03-05,177
CDG,DXB,2026-02-09,2026-03-02,178
CDG,DXB,2026-02-09,2026-05-04,178
CDG,DXB,2026-02-09,2026-03-09,181
CDG,DXB,2026-02-09,2026-03-06,185
CDG,DXB,2026-02-09,2026-06-08,195
CDG,DXB,2026-02-09,2026-05-10,195
CDG,DXB,2026-02-09,2026-03-13,199
CDG,DXB,2026-02-09,2026-02-28,199
CDG,DXB,2026-02-09,2026-02-27,200
CDG,DXB,2026-02-09,2026-02-25,201
CDG,DXB,2026-02-09,2026-04-06,203
CDG,DXB,2026-02-09,2026-04-27,203
CDG,TYO,2026-02-09,2026-03-05,430
CDG,TYO,2026-02-09,2026-05-23,475
CDG,TYO,2026-02-09,2026-06-23,483
CDG,TYO,2026-02-09,2026-03-04,484
CDG,TYO,2026-02-09,2026-06-17,491
CDG,TYO,2026-02-09,2026-06-21,493
CDG,TYO,2026-02-09,2026-04-22,495
CDG,TYO,2026-02-09,2026-05-18,499
CDG,SIN,2026-02-09,2026-05-23,354
CDG,SIN,2026-02-09,2026-03-08,355
CDG,SIN,2026-02-09,2026-02-25,392
CDG,SIN,2026-02-09,2026-03-26,402
CDG,SIN,2026-02-09,2026-03-19,405
CDG,LAX,2026-02-09,2026-03-10,352
CDG,LAX,2026-02-09,2026-04-20,392
CDG,LAX,2026-02-09,2026-05-26,401
CDG,LAX,2026-02-09,2026-05-06,419
CDG,LAX,2026-02-09,2026-05-16,421
CDG,LAX,2026-02-09,2026-03-09,433
CDG,LAX,2026-02-09,2026-04-24,440
CDG,LAX,2026-02-09,2026-04-23,444
CDG,LAX,2026-02-09,2026-05-01,445
CDG,LAX,2026-02-09,2026-03-14,457
CDG,LAX,2026-02-09,2026-03-16,458
CDG,HND,2026-02-09,2026-05-23,475
CDG,HND,2026-02-09,2026-03-04,484
CDG,HND,2026-02-09,2026-03-02,506
CDG,HND,2026-02-09,2026-05-21,507
CDG,HND,2026-02-09,2026-06-21,507
CDG,HND,2026-02-09,2026-03-06,511
CDG,HND,2026-02-09,2026-03-10,513
CDG,HND,2026-02-09,2026-05-18,514
CDG,HND,2026-02-09,2026-05-12,532
CDG,HND,2026-02-09,2026-03-05,533
CDG,HND,2026-02-09,2026-06-23,536
CDG,HND,2026-02-09,2026-04-19,536
CDG,HND,2026-02-09,2026-04-12,540
CDG,HND,2026-02-09,2026-04-26,542
CDG,SYD,2026-02-09,2026-03-19,478
CDG,SYD,2026-02-09,2026-03-12,503
CDG,SYD,2026-02-09,2026-05-01,531
CDG,SYD,2026-02-09,2026-05-15,531
CDG,SYD,2026-02-09,2026-05-04,533
CDG,SYD,2026-02-09,2026-05-13,546
CDG,SYD,2026-02-09,2026-03-13,600
CDG,SYD,2026-02-09,2026-03-02,603
CDG,SYD,2026-02-09,2026-03-18,613
CDG,SYD,2026-02-09,2026-05-11,617
CDG,MIA,2026-02-09,2026-03-18,395
CDG,MIA,2026-02-09,2026-05-05,403
CDG,MIA,2026-02-09,2026-03-31,407
CDG,MIA,2026-02-09,2026-03-17,430
CDG,MIA,2026-02-09,2026-02-18,437
CDG,MIA,2026-02-09,2026-03-10,442
CDG,MIA,2026-02-09,2026-03-19,442
CDG,MIA,2026-02-09,2026-03-04,443
CDG,MIA,2026-02-09,2026-05-23,445
CDG,MIA,2026-02-09,2026-02-10,446
CDG,MIA,2026-02-09,2026-05-03,447
LAX,NYC,2026-02-09,2026-03-03,61
LAX,NYC,2026-02-09,2026-03-10,66
LAX,NYC,2026-02-09,2026-05-02,69
LAX,NYC,2026-02-09,2026-03-18,74
LAX,NYC,2026-02-09,2026-03-04,74
LAX,NYC,2026-02-09,2026-04-15,74
LAX,NYC,2026-02-09,2026-04-28,74
LAX,NYC,2026-02-09,2026-04-29,75
LAX,NYC,2026-02-09,2026-04-18,75
LAX,NYC,2026-02-09,2026-03-31,75
LAX,NYC,2026-02-09,2026-06-03,77
LAX,NYC,2026-02-09,2026-03-05,80
LAX,NYC,2026-02-09,2026-06-02,81
LAX,NYC,2026-02-09,2026-04-07,82
LAX,NYC,2026-02-09,2026-04-01,82
LAX,NYC,2026-02-09,2026-05-12,83
LAX,NYC,2026-02-09,2026-03-24,83
LAX,NYC,2026-02-09,2026-03-25,83
LAX,NYC,2026-02-09,2026-04-25,84
LAX,NYC,2026-02-09,2026-05-27,84
LAX,NYC,2026-02-09,2026-03-17,87
LAX,NYC,2026-02-09,2026-04-30,89
LAX,LHR,2026-02-09,2026-03-07,308
LAX,LHR,2026-02-09,2026-05-19,340
LAX,LHR,2026-02-09,2026-02-17,343
LAX,LHR,2026-02-09,2026-03-02,353
LAX,LHR,2026-02-09,2026-04-27,367
LAX,LHR,2026-02-09,2026-03-08,368
LAX,DXB,2026-02-09,2026-04-07,354
LAX,DXB,2026-02-09,2026-02-21,368
LAX,DXB,2026-02-09,2026-03-31,372
LAX,DXB,2026-02-09,2026-02-24,374
LAX,DXB,2026-02-09,2026-02-19,375
LAX,DXB,2026-02-09,2026-02-16,375
LAX,DXB,2026-02-09,2026-03-17,375
LAX,DXB,2026-02-09,2026-04-09,375
LAX,DXB,2026-02-09,2026-03-19,378
LAX,DXB,2026-02-09,2026-03-07,378
LAX,DXB,2026-02-09,2026-03-12,378
LAX,DXB,2026-02-09,2026-04-04,379
LAX,TYO,2026-02-09,2026-04-11,263
LAX,TYO,2026-02-09,2026-04-18,272
LAX,TYO,2026-02-09,2026-04-22,275
LAX,TYO,2026-02-09,2026-04-17,275
LAX,TYO,2026-02-09,2026-04-19,281
LAX,TYO,2026-02-09,2026-04-16,287
LAX,TYO,2026-02-09,2026-02-23,295
LAX,TYO,2026-02-09,2026-02-19,300
LAX,SIN,2026-02-09,2026-04-01,307
LAX,SIN,2026-02-09,2026-04-09,310
LAX,SIN,2026-02-09,2026-02-10,311
LAX,CDG,2026-02-09,2026-02-25,275
LAX,CDG,2026-02-09,2026-02-26,275
LAX,CDG,2026-02-09,2026-02-28,275
LAX,CDG,2026-02-09,2026-03-02,279
LAX,CDG,2026-02-09,2026-02-10,298
LAX,CDG,2026-02-09,2026-03-03,303
LAX,CDG,2026-02-09,2026-03-10,316
LAX,CDG,2026-02-09,2026-04-16,321
LAX,CDG,2026-02-09,2026-05-06,324
LAX,CDG,2026-02-09,2026-02-21,333
LAX,CDG,2026-02-09,2026-03-01,337
LAX,HND,2026-02-09,2026-03-01,353
LAX,HND,2026-02-09,2026-02-23,356
LAX,HND,2026-02-09,2026-03-04,360
LAX,HND,2026-02-09,2026-04-19,374
LAX,HND,2026-02-09,2026-03-03,375
LAX,HND,2026-02-09,2026-02-10,376
LAX,HND,2026-02-09,2026-02-18,380
LAX,HND,2026-02-09,2026-02-11,385
LAX,HND,2026-02-09,2026-03-06,393
LAX,HND,2026-02-09,2026-02-15,413
LAX,HND,2026-02-09,2026-02-19,413
LAX,HND,2026-02-09,2026-04-22,433
LAX,HND,2026-02-09,2026-05-25,436
LAX,HND,2026-02-09,2026-04-18,437
LAX,SYD,2026-02-09,2026-02-11,349
LAX,SYD,2026-02-09,2026-03-24,354
LAX,SYD,2026-02-09,2026-02-16,359
LAX,SYD,2026-02-09,2026-03-02,366
LAX,SYD,2026-02-09,2026-03-23,366
LAX,SYD,2026-02-09,2026-03-17,366
LAX,SYD,2026-02-09,2026-03-05,367
LAX,SYD,2026-02-09,2026-02-12,367
LAX,SYD,2026-02-09,2026-02-09,368
LAX,SYD,2026-02-09,2026-02-15,373
LAX,SYD,2026-02-09,2026-03-04,375
LAX,SYD,2026-02-09,2026-03-07,375
LAX,MIA,2026-02-09,2026-02-28,49
LAX,MIA,2026-02-09,2026-03-04,66
LAX,MIA,2026-02-09,2026-04-11,70
LAX,MIA,2026-02-09,2026-03-10,76
LAX,MIA,2026-02-09,2026-04-26,81
LAX,MIA,2026-02-09,2026-02-24,82
LAX,MIA,2026-02-09,2026-03-09,84
LAX,MIA,2026-02-09,2026-04-24,84
LAX,MIA,2026-02-09,2026-05-07,85
LAX,MIA,2026-02-09,2026-03-24,85
LAX,MIA,2026-02-09,2026-03-02,89
HND,NYC,2026-02-09,2026-03-10,442
HND,NYC,2026-02-09,2026-02-27,453
HND,NYC,2026-02-09,2026-03-11,478
HND,NYC,2026-02-09,2026-02-28,481
HND,NYC,2026-02-09,2026-03-03,482
HND,NYC,2026-02-09,2026-02-25,490
HND,NYC,2026-02-09,2026-02-24,495
HND,NYC,2026-02-09,2026-03-09,499
HND,NYC,2026-02-09,2026-02-12,549
HND,NYC,2026-02-09,2026-02-19,571
HND,NYC,2026-02-09,2026-05-24,578
HND,NYC,2026-02-09,2026-02-16,580
HND,NYC,2026-02-09,2026-02-13,602
HND,LHR,2026-02-09,2026-03-16,315
HND,LHR,2026-02-09,2026-05-17,316
HND,LHR,2026-02-09,2026-03-20,325
HND,LHR,2026-02-09,2026-03-30,326
HND,LHR,2026-02-09,2026-05-08,326
HND,LHR,2026-02-09,2026-03-14,326
HND,LHR,2026-02-09,2026-03-18,328
HND,LHR,2026-02-09,2026-03-24,334
HND,LHR,2026-02-09,2026-05-04,338
HND,DXB,2026-02-09,2026-03-18,249
HND,DXB,2026-02-09,2026-05-01,250
HND,DXB,2026-02-09,2026-04-17,251
HND,DXB,2026-02-09,2026-04-14,251
HND,DXB,2026-02-09,2026-05-18,251
HND,DXB,2026-02-09,2026-03-11,251
HND,DXB,2026-02-09,2026-04-15,251
HND,DXB,2026-02-09,2026-05-14,252
HND,DXB,2026-02-09,2026-04-22,252
HND,DXB,2026-02-09,2026-06-01,252
HND,DXB,2026-02-09,2026-05-22,252
HND,DXB,2026-02-09,2026-05-13,252
HND,DXB,2026-02-09,2026-05-29,252
HND,DXB,2026-02-09,2026-03-04,254
HND,DXB,2026-02-09,2026-03-17,254
HND,DXB,2026-02-09,2026-04-16,254
HND,DXB,2026-02-09,2026-05-21,255
HND,DXB,2026-02-09,2026-04-20,255
HND,DXB,2026-02-09,2026-05-19,257
HND,DXB,2026-02-09,2026-05-20,257
HND,DXB,2026-02-09,2026-04-13,261
HND,DXB,2026-02-09,2026-03-12,262
HND,SIN,2026-02-09,2026-05-11,110
HND,SIN,2026-02-09,2026-05-08,111
HND,SIN,2026-02-09,2026-05-15,114
HND,SIN,2026-02-09,2026-05-05,115
HND,SIN,2026-02-09,2026-05-18,116
HND,SIN,2026-02-09,2026-03-13,116
HND,SIN,2026-02-09,2026-03-12,117
HND,SIN,2026-02-09,2026-03-19,118
HND,SIN,2026-02-09,2026-05-20,125
HND,SIN,2026-02-09,2026-02-28,128
HND,CDG,2026-02-09,2026-06-30,356
HND,CDG,2026-02-09,2026-05-15,366
HND,CDG,2026-02-09,2026-06-18,376
HND,CDG,2026-02-09,2026-05-13,378
HND,CDG,2026-02-09,2026-05-14,383
HND,CDG,2026-02-09,2026-02-17,386
HND,CDG,2026-02-09,2026-05-17,389
HND,LAX,2026-02-09,2026-05-20,323
HND,LAX,2026-02-09,2026-03-04,323
HND,LAX,2026-02-09,2026-05-12,323
HND,LAX,2026-02-09,2026-02-25,326
HND,LAX,2026-02-09,2026-05-13,326
HND,LAX,2026-02-09,2026-03-03,339
HND,LAX,2026-02-09,2026-02-20,352
HND,LAX,2026-02-09,2026-02-24,358
HND,LAX,2026-02-09,2026-05-19,362
HND,LAX,2026-02-09,2026-02-19,363
HND,LAX,2026-02-09,2026-02-15,370
HND,LAX,2026-02-09,2026-02-11,375
HND,LAX,2026-02-09,2026-02-26,377
HND,LAX,2026-02-09,2026-06-18,383
HND,LAX,2026-02-09,2026-02-16,383
HND,LAX,2026-02-09,2026-02-12,385
HND,LAX,2026-02-09,2026-02-13,387
HND,LAX,2026-02-09,2026-02-10,390
HND,LAX,2026-02-09,2026-03-11,392
HND,SYD,2026-02-09,2026-05-07,209
HND,SYD,2026-02-09,2026-05-04,210
HND,SYD,2026-02-09,2026-06-25,211
HND,SYD,2026-02-09,2026-05-20,213
HND,SYD,2026-02-09,2026-06-14,214
HND,SYD,2026-02-09,2026-06-15,214
HND,SYD,2026-02-09,2026-05-06,215
HND,SYD,2026-02-09,2026-05-13,216
HND,SYD,2026-02-09,2026-05-08,219
HND,SYD,2026-02-09,2026-05-21,223
HND,MIA,2026-02-09,2026-02-27,511
HND,MIA,2026-02-09,2026-02-16,595
HND,MIA,2026-02-09,2026-02-10,688
HND,MIA,2026-02-09,2026-03-25,694
HND,MIA,2026-02-09,2026-02-11,706
HND,MIA,2026-02-09,2026-04-08,802
SYD,NYC,2026-02-09,2026-03-17,419
SYD,NYC,2026-02-09,2026-03-05,440
SYD,NYC,2026-02-09,2026-03-02,473
SYD,NYC,2026-02-09,2026-05-05,482
SYD,NYC,2026-02-09,2026-02-19,561
SYD,NYC,2026-02-09,2026-03-13,565
SYD,NYC,2026-02-09,2026-03-20,578
SYD,NYC,2026-02-09,2026-02-18,591
SYD,NYC,2026-02-09,2026-02-17,604
SYD,NYC,2026-02-09,2026-02-16,631
SYD,NYC,2026-02-09,2026-02-10,635
SYD,LHR,2026-02-09,2026-02-15,263
SYD,LHR,2026-02-09,2026-02-16,263
SYD,LHR,2026-02-09,2026-03-19,280
SYD,LHR,2026-02-09,2026-03-26,293
SYD,LHR,2026-02-09,2026-03-05,294
SYD,LHR,2026-02-09,2026-03-12,297
SYD,LHR,2026-02-09,2026-03-09,388
SYD,LHR,2026-02-09,2026-02-12,394
SYD,LHR,2026-02-09,2026-06-09,400
SYD,LHR,2026-02-09,2026-02-14,423
SYD,LHR,2026-02-09,2026-02-17,432
SYD,LHR,2026-02-09,2026-02-18,439
SYD,LHR,2026-02-09,2026-03-15,453
SYD,LHR,2026-02-09,2026-03-14,467
SYD,LHR,2026-02-09,2026-03-08,468
SYD,LHR,2026-02-09,2026-03-07,468
SYD,LHR,2026-02-09,2026-03-16,471
SYD,LHR,2026-02-09,2026-06-08,473
SYD,DXB,2026-02-09,2026-03-01,350
SYD,DXB,2026-02-09,2026-02-23,368
SYD,DXB,2026-02-09,2026-05-09,381
SYD,DXB,2026-02-09,2026-02-28,384
SYD,TYO,2026-02-09,2026-05-13,173
SYD,TYO,2026-02-09,2026-04-25,181
SYD,TYO,2026-02-09,2026-05-18,223
SYD,TYO,2026-02-09,2026-05-19,223
SYD,TYO,2026-02-09,2026-05-11,225
SYD,TYO,2026-02-09,2026-04-21,227
SYD,TYO,2026-02-09,2026-05-12,227
SYD,TYO,2026-02-09,2026-04-22,228
SYD,TYO,2026-02-09,2026-05-14,244
SYD,TYO,2026-02-09,2026-03-09,248
SYD,TYO,2026-02-09,2026-04-16,248
SYD,TYO,2026-02-09,2026-05-15,250
SYD,TYO,2026-02-09,2026-02-11,256
SYD,TYO,2026-02-09,2026-05-20,259
SYD,SIN,2026-02-09,2026-03-10,158
SYD,SIN,2026-02-09,2026-03-16,158
SYD,SIN,2026-02-09,2026-05-25,160
SYD,SIN,2026-02-09,2026-05-24,166
SYD,SIN,2026-02-09,2026-04-23,167
SYD,SIN,2026-02-09,2026-03-19,169
SYD,SIN,2026-02-09,2026-03-18,169
SYD,SIN,2026-02-09,2026-02-14,170
SYD,SIN,2026-02-09,2026-03-07,170
SYD,SIN,2026-02-09,2026-03-14,170
SYD,SIN,2026-02-09,2026-04-12,171
SYD,SIN,2026-02-09,2026-04-24,171
SYD,SIN,2026-02-09,2026-04-13,171
SYD,CDG,2026-02-09,2026-02-17,322
SYD,CDG,2026-02-09,2026-02-16,354
SYD,CDG,2026-02-09,2026-02-10,371
SYD,CDG,2026-02-09,2026-03-12,482
SYD,CDG,2026-02-09,2026-05-25,483
SYD,CDG,2026-02-09,2026-02-12,514
SYD,CDG,2026-02-09,2026-03-03,520
SYD,CDG,2026-02-09,2026-05-13,534
SYD,CDG,2026-02-09,2026-03-24,541
SYD,LAX,2026-02-09,2026-02-14,322
SYD,LAX,2026-02-09,2026-03-17,322
SYD,LAX,2026-02-09,2026-03-12,330
SYD,LAX,2026-02-09,2026-03-14,332
SYD,LAX,2026-02-09,2026-02-11,340
SYD,LAX,2026-02-09,2026-02-12,340
SYD,LAX,2026-02-09,2026-02-15,340
SYD,HND,2026-02-09,2026-05-13,173
SYD,HND,2026-02-09,2026-04-25,181
SYD,HND,2026-02-09,2026-05-18,223
SYD,HND,2026-02-09,2026-05-19,223
SYD,HND,2026-02-09,2026-05-11,225
SYD,HND,2026-02-09,2026-04-21,227
SYD,HND,2026-02-09,2026-05-12,227
SYD,HND,2026-02-09,2026-04-22,228
SYD,HND,2026-02-09,2026-05-14,244
SYD,HND,2026-02-09,2026-05-20,259
SYD,HND,2026-02-09,2026-05-25,263
SYD,HND,2026-02-09,2026-02-11,264
SYD,HND,2026-02-09,2026-04-16,264
SYD,HND,2026-02-09,2026-05-09,269
SYD,MIA,2026-02-09,2026-02-16,523
SYD,MIA,2026-02-09,2026-02-17,617
SYD,MIA,2026-02-09,2026-02-18,632
MIA,NYC,2026-02-09,2026-03-06,27
MIA,NYC,2026-02-09,2026-02-26,27
MIA,NYC,2026-02-09,2026-03-11,27
MIA,NYC,2026-02-09,2026-03-10,28
MIA,NYC,2026-02-09,2026-03-04,28
MIA,NYC,2026-02-09,2026-02-25,28
MIA,NYC,2026-02-09,2026-05-16,29
MIA,NYC,2026-02-09,2026-03-03,29
MIA,NYC,2026-02-09,2026-03-26,30
MIA,NYC,2026-02-09,2026-02-28,31
MIA,NYC,2026-02-09,2026-02-27,31
MIA,NYC,2026-02-09,2026-03-12,33
MIA,NYC,2026-02-09,2026-03-18,33
MIA,NYC,2026-02-09,2026-03-05,33
MIA,NYC,2026-02-09,2026-04-01,35
MIA,NYC,2026-02-09,2026-03-25,35
MIA,NYC,2026-02-09,2026-04-29,35
MIA,NYC,2026-02-09,2026-05-06,35
MIA,NYC,2026-02-09,2026-03-21,35
MIA,NYC,2026-02-09,2026-04-28,35
MIA,NYC,2026-02-09,2026-03-31,35
MIA,NYC,2026-02-09,2026-04-25,35
MIA,NYC,2026-02-09,2026-05-09,35
MIA,NYC,2026-02-09,2026-03-24,35
MIA,LHR,2026-02-09,2026-02-12,263
MIA,LHR,2026-02-09,2026-04-01,267
MIA,LHR,2026-02-09,2026-03-31,271
MIA,LHR,2026-02-09,2026-04-13,286
MIA,LHR,2026-02-09,2026-03-23,316
MIA,LHR,2026-02-09,2026-02-13,325
MIA,DXB,2026-02-09,2026-03-05,334
MIA,DXB,2026-02-09,2026-03-10,344
MIA,DXB,2026-02-09,2026-02-26,344
MIA,DXB,2026-02-09,2026-02-27,344
MIA,DXB,2026-02-09,2026-03-27,344
MIA,DXB,2026-02-09,2026-03-13,346
MIA,DXB,2026-02-09,2026-02-28,348
MIA,DXB,2026-02-09,2026-03-03,349
MIA,DXB,2026-02-09,2026-03-04,349
MIA,DXB,2026-02-09,2026-03-18,349
MIA,DXB,2026-02-09,2026-03-20,349
MIA,DXB,2026-02-09,2026-03-19,350
MIA,DXB,2026-02-09,2026-02-25,351
MIA,DXB,2026-02-09,2026-02-18,351
MIA,DXB,2026-02-09,2026-03-11,351
MIA,DXB,2026-02-09,2026-02-17,351
MIA,DXB,2026-02-09,2026-02-20,352
MIA,DXB,2026-02-09,2026-03-07,352
MIA,DXB,2026-02-09,2026-04-03,353
MIA,DXB,2026-02-09,2026-04-24,353
MIA,TYO,2026-02-09,2026-05-11,360
MIA,TYO,2026-02-09,2026-05-12,367
MIA,TYO,2026-02-09,2026-02-17,390
MIA,TYO,2026-02-09,2026-03-09,400
MIA,TYO,2026-02-09,2026-04-01,427
MIA,TYO,2026-02-09,2026-02-16,462
MIA,TYO,2026-02-09,2026-03-10,518
MIA,TYO,2026-02-09,2026-04-30,584
MIA,TYO,2026-02-09,2026-02-12,604
MIA,CDG,2026-02-09,2026-03-18,270
MIA,CDG,2026-02-09,2026-02-18,300
MIA,CDG,2026-02-09,2026-03-04,309
MIA,CDG,2026-02-09,2026-02-14,331
MIA,CDG,2026-02-09,2026-03-06,345
MIA,CDG,2026-02-09,2026-03-03,350
MIA,CDG,2026-02-09,2026-05-05,354
MIA,LAX,2026-02-09,2026-03-03,66
MIA,LAX,2026-02-09,2026-03-12,74
MIA,LAX,2026-02-09,2026-02-25,74
MIA,LAX,2026-02-09,2026-04-15,80
MIA,LAX,2026-02-09,2026-03-04,80
MIA,LAX,2026-02-09,2026-04-26,81
MIA,LAX,2026-02-09,2026-04-24,82
MIA,LAX,2026-02-09,2026-03-24,83
MIA,LAX,2026-02-09,2026-03-19,83
MIA,LAX,2026-02-09,2026-03-10,85
MIA,LAX,2026-02-09,2026-03-25,85
MIA,LAX,2026-02-09,2026-02-28,88
MIA,LAX,2026-02-09,2026-03-11,89
MIA,HND,2026-02-09,2026-03-10,518
MIA,HND,2026-02-09,2026-02-17,520
MIA,HND,2026-02-09,2026-03-09,576
MIA,HND,2026-02-09,2026-05-12,600
MIA,HND,2026-02-09,2026-05-11,625
MIA,HND,2026-02-09,2026-02-16,633
MIA,HND,2026-02-09,2026-04-30,652
MIA,HND,2026-02-09,2026-04-01,701
MIA,HND,2026-02-09,2026-02-12,767
MIA,SYD,2026-02-09,2026-05-05,518
MIA,SYD,2026-02-09,2026-05-11,530
MIA,SYD,2026-02-09,2026-02-14,598
MIA,SYD,2026-02-09,2026-02-10,630
