origin,destination,search_date,depart_date,price
NYC,LHR,2026-07-25,2026-09-19,201
NYC,LHR,2026-07-25,2026-08-25,203
NYC,LHR,2026-07-25,2026-08-23,204
NYC,LHR,2026-07-25,2026-09-18,205
NYC,LHR,2026-07-25,2026-10-08,205
NYC,LHR,2026-07-25,2026-11-07,213
NYC,LHR,2026-07-25,2026-12-10,213
NYC,LHR,2026-07-25,2026-10-01,213
NYC,DXB,2026-07-25,2026-09-29,332
NYC,DXB,2026-07-25,2026-09-02,333
NYC,DXB,2026-07-25,2026-09-10,334
NYC,DXB,2026-07-25,2026-08-17,339
NYC,DXB,2026-07-25,2026-09-03,340
NYC,DXB,2026-07-25,2026-09-05,340
NYC,DXB,2026-07-25,2026-08-13,341
NYC,DXB,2026-07-25,2026-08-11,341
NYC,DXB,2026-07-25,2026-08-24,341
NYC,DXB,2026-07-25,2026-09-12,345
NYC,DXB,2026-07-25,2026-09-13,345
NYC,DXB,2026-07-25,2026-09-28,346
NYC,DXB,2026-07-25,2026-12-01,353
NYC,DXB,2026-07-25,2026-08-20,356
NYC,DXB,2026-07-25,2026-08-23,357
NYC,DXB,2026-07-25,2026-09-04,358
NYC,DXB,2026-07-25,2026-08-29,359
NYC,TYO,2026-07-25,2026-09-12,427
NYC,TYO,2026-07-25,2026-07-28,436
NYC,TYO,2026-07-25,2026-07-26,436
NYC,TYO,2026-07-25,2026-08-02,437
NYC,TYO,2026-07-25,2026-08-30,438
NYC,TYO,2026-07-25,2026-08-15,439
NYC,TYO,2026-07-25,2026-08-12,447
NYC,TYO,2026-07-25,2026-07-29,447
NYC,TYO,2026-07-25,2026-09-09,451
NYC,TYO,2026-07-25,2026-08-17,454
NYC,TYO,2026-07-25,2026-08-27,455
NYC,TYO,2026-07-25,2026-08-16,464
NYC,SIN,2026-07-25,2026-07-26,476
NYC,SIN,2026-07-25,2026-09-02,477
NYC,SIN,2026-07-25,2026-11-01,478
NYC,SIN,2026-07-25,2026-08-25,489
NYC,SIN,2026-07-25,2026-08-22,491
NYC,SIN,2026-07-25,2026-09-01,495
NYC,SIN,2026-07-25,2026-09-09,498
NYC,SIN,2026-07-25,2026-08-19,498
NYC,SIN,2026-07-25,2026-08-24,499
NYC,CDG,2026-07-25,2026-10-25,191
NYC,CDG,2026-07-25,2026-08-25,203
NYC,CDG,2026-07-25,2026-08-24,209
NYC,CDG,2026-07-25,2026-10-15,212
NYC,CDG,2026-07-25,2026-11-02,218
NYC,CDG,2026-07-25,2026-08-31,220
NYC,CDG,2026-07-25,2026-08-30,230
NYC,CDG,2026-07-25,2026-08-17,230
NYC,CDG,2026-07-25,2026-09-13,233
NYC,CDG,2026-07-25,2026-08-11,250
NYC,CDG,2026-07-25,2026-08-10,250
NYC,LAX,2026-07-25,2026-10-02,125
NYC,LAX,2026-07-25,2026-09-10,127
NYC,LAX,2026-07-25,2026-10-27,129
NYC,LAX,2026-07-25,2026-10-14,129
NYC,LAX,2026-07-25,2026-09-22,129
NYC,LAX,2026-07-25,2026-09-26,129
NYC,LAX,2026-07-25,2026-08-28,132
NYC,LAX,2026-07-25,2026-09-01,133
NYC,LAX,2026-07-25,2026-09-15,135
NYC,LAX,2026-07-25,2026-10-03,136
NYC,LAX,2026-07-25,2026-08-26,136
NYC,LAX,2026-07-25,2026-09-05,137
NYC,LAX,2026-07-25,2026-09-02,138
NYC,LAX,2026-07-25,2026-09-09,138
NYC,LAX,2026-07-25,2026-08-21,139
NYC,LAX,2026-07-25,2026-08-25,139
NYC,LAX,2026-07-25,2026-09-16,140
NYC,LAX,2026-07-25,2026-09-12,141
NYC,LAX,2026-07-25,2026-09-14,141
NYC,LAX,2026-07-25,2026-10-21,141
NYC,LAX,2026-07-25,2026-09-18,141
NYC,LAX,2026-07-25,2026-09-29,141
NYC,LAX,2026-07-25,2026-10-16,141
NYC,LAX,2026-07-25,2026-09-04,142
NYC,LAX,2026-07-25,2026-09-30,142
NYC,HND,2026-07-25,2026-08-27,482
NYC,HND,2026-07-25,2026-07-26,490
NYC,HND,2026-07-25,2026-07-28,490
NYC,HND,2026-07-25,2026-08-02,491
NYC,HND,2026-07-25,2026-08-30,491
NYC,HND,2026-07-25,2026-07-29,504
NYC,HND,2026-07-25,2026-10-15,509
NYC,HND,2026-07-25,2026-08-17,512
NYC,HND,2026-07-25,2026-09-13,519
NYC,HND,2026-07-25,2026-09-16,519
NYC,HND,2026-07-25,2026-09-12,537
NYC,SYD,2026-07-25,2026-08-19,577
NYC,SYD,2026-07-25,2026-08-27,625
NYC,SYD,2026-07-25,2026-10-06,644
NYC,SYD,2026-07-25,2026-10-21,678
NYC,MIA,2026-07-25,2026-08-26,98
NYC,MIA,2026-07-25,2026-09-02,98
NYC,MIA,2026-07-25,2026-09-09,98
NYC,MIA,2026-07-25,2026-09-03,103
NYC,MIA,2026-07-25,2026-08-27,103
NYC,MIA,2026-07-25,2026-09-16,104
NYC,MIA,2026-07-25,2026-08-29,107
NYC,MIA,2026-07-25,2026-08-22,108
NYC,MIA,2026-07-25,2026-09-15,108
NYC,MIA,2026-07-25,2026-09-01,109
NYC,MIA,2026-07-25,2026-08-25,110
NYC,MIA,2026-07-25,2026-08-24,113
NYC,MIA,2026-07-25,2026-08-18,114
NYC,MIA,2026-07-25,2026-08-20,114
NYC,MIA,2026-07-25,2026-11-18,114
NYC,MIA,2026-07-25,2026-08-31,116
NYC,MIA,2026-07-25,2026-08-21,119
NYC,MIA,2026-07-25,2026-11-04,120
NYC,MIA,2026-07-25,2026-09-19,122
NYC,MIA,2026-07-25,2026-09-06,123
NYC,MIA,2026-07-25,2026-08-28,124
NYC,MIA,2026-07-25,2026-08-19,124
LHR,NYC,2026-07-25,2026-09-19,392
LHR,NYC,2026-07-25,2026-10-14,401
LHR,NYC,2026-07-25,2026-10-28,407
LHR,NYC,2026-07-25,2026-10-27,407
LHR,NYC,2026-07-25,2026-10-20,416
LHR,NYC,2026-07-25,2026-10-06,417
LHR,NYC,2026-07-25,2026-09-17,422
LHR,NYC,2026-07-25,2026-10-04,422
LHR,NYC,2026-07-25,2026-09-01,423
LHR,NYC,2026-07-25,2026-09-08,423
LHR,NYC,2026-07-25,2026-09-23,425
LHR,NYC,2026-07-25,2026-11-07,425
LHR,NYC,2026-07-25,2026-11-06,433
LHR,NYC,2026-07-25,2026-09-13,435
LHR,NYC,2026-07-25,2026-11-23,435
LHR,NYC,2026-07-25,2026-10-01,436
LHR,NYC,2026-07-25,2026-09-30,436
LHR,NYC,2026-07-25,2026-10-07,437
LHR,NYC,2026-07-25,2026-09-28,438
LHR,DXB,2026-07-25,2026-11-02,234
LHR,DXB,2026-07-25,2026-11-20,241
LHR,DXB,2026-07-25,2026-11-28,241
LHR,DXB,2026-07-25,2026-12-02,241
LHR,DXB,2026-07-25,2026-11-21,245
LHR,DXB,2026-07-25,2026-12-01,253
LHR,DXB,2026-07-25,2026-12-05,253
LHR,TYO,2026-07-25,2026-10-23,473
LHR,TYO,2026-07-25,2026-10-19,476
LHR,TYO,2026-07-25,2026-09-10,482
LHR,TYO,2026-07-25,2026-08-31,482
LHR,TYO,2026-07-25,2026-11-13,483
LHR,TYO,2026-07-25,2026-11-27,484
LHR,TYO,2026-07-25,2026-09-09,485
LHR,TYO,2026-07-25,2026-10-24,489
LHR,TYO,2026-07-25,2026-09-03,490
LHR,TYO,2026-07-25,2026-08-26,491
LHR,TYO,2026-07-25,2026-09-16,499
LHR,TYO,2026-07-25,2026-10-01,503
LHR,TYO,2026-07-25,2026-09-12,505
LHR,TYO,2026-07-25,2026-09-04,507
LHR,TYO,2026-07-25,2026-09-17,508
LHR,TYO,2026-07-25,2026-08-24,509
LHR,TYO,2026-07-25,2026-08-23,513
LHR,SIN,2026-07-25,2026-08-19,356
LHR,SIN,2026-07-25,2026-11-19,365
LHR,SIN,2026-07-25,2026-08-23,384
LHR,SIN,2026-07-25,2026-09-01,388
LHR,SIN,2026-07-25,2026-11-12,402
LHR,SIN,2026-07-25,2026-11-03,412
LHR,CDG,2026-07-25,2026-10-05,87
LHR,CDG,2026-07-25,2026-11-24,88
LHR,CDG,2026-07-25,2026-11-25,88
LHR,CDG,2026-07-25,2026-10-25,88
LHR,CDG,2026-07-25,2026-12-07,89
LHR,CDG,2026-07-25,2026-10-20,89
LHR,CDG,2026-07-25,2026-11-26,89
LHR,CDG,2026-07-25,2026-12-09,89
LHR,CDG,2026-07-25,2026-09-07,89
LHR,CDG,2026-07-25,2026-09-10,89
LHR,CDG,2026-07-25,2026-12-05,89
LHR,CDG,2026-07-25,2026-09-14,90
LHR,CDG,2026-07-25,2026-08-19,90
LHR,CDG,2026-07-25,2026-08-29,91
LHR,LAX,2026-07-25,2026-10-06,410
LHR,LAX,2026-07-25,2026-11-10,417
LHR,LAX,2026-07-25,2026-10-28,422
LHR,HND,2026-07-25,2026-09-10,482
LHR,HND,2026-07-25,2026-08-31,482
LHR,HND,2026-07-25,2026-09-03,490
LHR,HND,2026-07-25,2026-08-26,491
LHR,HND,2026-07-25,2026-11-27,495
LHR,HND,2026-07-25,2026-09-16,500
LHR,HND,2026-07-25,2026-10-01,503
LHR,HND,2026-07-25,2026-09-12,505
LHR,HND,2026-07-25,2026-09-09,506
LHR,HND,2026-07-25,2026-09-04,507
LHR,HND,2026-07-25,2026-09-17,508
LHR,HND,2026-07-25,2026-08-24,509
LHR,HND,2026-07-25,2026-08-23,513
LHR,HND,2026-07-25,2026-09-02,516
LHR,HND,2026-07-25,2026-10-03,518
LHR,HND,2026-07-25,2026-08-04,519
LHR,HND,2026-07-25,2026-08-22,520
LHR,HND,2026-07-25,2026-09-15,520
LHR,HND,2026-07-25,2026-09-01,521
LHR,SYD,2026-07-25,2026-11-15,553
LHR,SYD,2026-07-25,2026-08-23,570
LHR,SYD,2026-07-25,2026-12-01,582
LHR,SYD,2026-07-25,2026-12-02,585
LHR,SYD,2026-07-25,2026-12-03,585
LHR,SYD,2026-07-25,2026-08-26,591
LHR,SYD,2026-07-25,2026-09-06,597
LHR,SYD,2026-07-25,2026-09-05,614
LHR,SYD,2026-07-25,2026-09-07,614
LHR,SYD,2026-07-25,2026-08-19,616
LHR,SYD,2026-07-25,2026-11-14,621
LHR,SYD,2026-07-25,2026-08-31,622
LHR,MIA,2026-07-25,2026-11-22,396
LHR,MIA,2026-07-25,2026-12-12,416
DXB,NYC,2026-07-25,2026-12-15,423
DXB,NYC,2026-07-25,2026-12-08,425
DXB,LHR,2026-07-25,2026-10-11,199
DXB,LHR,2026-07-25,2026-10-14,203
DXB,LHR,2026-07-25,2026-10-10,212
DXB,LHR,2026-07-25,2026-11-10,212
DXB,LHR,2026-07-25,2026-09-18,212
DXB,LHR,2026-07-25,2026-10-07,213
DXB,LHR,2026-07-25,2026-11-05,214
DXB,LHR,2026-07-25,2026-10-08,214
DXB,LHR,2026-07-25,2026-10-13,214
DXB,LHR,2026-07-25,2026-10-12,215
DXB,TYO,2026-07-25,2026-11-03,369
DXB,TYO,2026-07-25,2026-10-19,387
DXB,TYO,2026-07-25,2026-09-10,387
DXB,TYO,2026-07-25,2026-10-08,387
DXB,TYO,2026-07-25,2026-11-12,389
DXB,TYO,2026-07-25,2026-11-11,390
DXB,TYO,2026-07-25,2026-07-28,391
DXB,TYO,2026-07-25,2026-10-18,394
DXB,TYO,2026-07-25,2026-09-15,394
DXB,TYO,2026-07-25,2026-08-07,394
DXB,TYO,2026-07-25,2026-10-01,396
DXB,TYO,2026-07-25,2026-09-18,397
DXB,TYO,2026-07-25,2026-09-14,397
DXB,TYO,2026-07-25,2026-08-18,398
DXB,TYO,2026-07-25,2026-11-19,402
DXB,TYO,2026-07-25,2026-07-29,403
DXB,TYO,2026-07-25,2026-07-27,403
DXB,TYO,2026-07-25,2026-11-02,404
DXB,TYO,2026-07-25,2026-07-30,405
DXB,TYO,2026-07-25,2026-09-17,406
DXB,TYO,2026-07-25,2026-07-26,408
DXB,SIN,2026-07-25,2026-08-31,153
DXB,SIN,2026-07-25,2026-09-23,169
DXB,SIN,2026-07-25,2026-09-24,171
DXB,SIN,2026-07-25,2026-09-15,175
DXB,SIN,2026-07-25,2026-09-08,176
DXB,SIN,2026-07-25,2026-09-27,176
DXB,SIN,2026-07-25,2026-09-28,176
DXB,SIN,2026-07-25,2026-09-03,176
DXB,SIN,2026-07-25,2026-09-07,176
DXB,SIN,2026-07-25,2026-09-01,177
DXB,SIN,2026-07-25,2026-09-21,177
DXB,SIN,2026-07-25,2026-09-11,177
DXB,SIN,2026-07-25,2026-09-05,179
DXB,SIN,2026-07-25,2026-09-10,180
DXB,SIN,2026-07-25,2026-09-26,192
DXB,CDG,2026-07-25,2026-09-29,119
DXB,CDG,2026-07-25,2026-10-10,122
DXB,CDG,2026-07-25,2026-12-10,124
DXB,CDG,2026-07-25,2026-09-18,128
DXB,CDG,2026-07-25,2026-10-27,130
DXB,CDG,2026-07-25,2026-12-05,131
DXB,CDG,2026-07-25,2026-10-26,131
DXB,CDG,2026-07-25,2026-09-30,133
DXB,CDG,2026-07-25,2026-11-17,145
DXB,LAX,2026-07-25,2026-09-26,590
DXB,LAX,2026-07-25,2026-09-09,657
DXB,LAX,2026-07-25,2026-09-10,666
DXB,LAX,2026-07-25,2026-09-08,683
DXB,HND,2026-07-25,2026-10-19,387
DXB,HND,2026-07-25,2026-07-28,391
DXB,HND,2026-07-25,2026-07-29,403
DXB,HND,2026-07-25,2026-07-27,403
DXB,HND,2026-07-25,2026-07-30,405
DXB,HND,2026-07-25,2026-09-10,410
DXB,HND,2026-07-25,2026-10-08,410
DXB,HND,2026-07-25,2026-10-18,411
DXB,HND,2026-07-25,2026-10-04,411
DXB,HND,2026-07-25,2026-09-17,415
DXB,HND,2026-07-25,2026-08-07,416
DXB,HND,2026-07-25,2026-10-20,418
DXB,HND,2026-07-25,2026-08-09,419
DXB,HND,2026-07-25,2026-09-13,419
DXB,HND,2026-07-25,2026-09-12,421
DXB,HND,2026-07-25,2026-09-08,421
DXB,HND,2026-07-25,2026-10-27,421
DXB,HND,2026-07-25,2026-09-05,421
DXB,HND,2026-07-25,2026-08-08,421
DXB,HND,2026-07-25,2026-10-21,422
DXB,HND,2026-07-25,2026-10-02,422
DXB,HND,2026-07-25,2026-11-22,423
DXB,HND,2026-07-25,2026-10-26,423
DXB,HND,2026-07-25,2026-10-15,424
DXB,HND,2026-07-25,2026-08-12,425
DXB,HND,2026-07-25,2026-10-25,425
DXB,HND,2026-07-25,2026-08-29,425
DXB,HND,2026-07-25,2026-09-15,425
DXB,SYD,2026-07-25,2026-10-30,350
DXB,SYD,2026-07-25,2026-10-05,382
DXB,SYD,2026-07-25,2026-10-19,383
DXB,SYD,2026-07-25,2026-10-17,385
DXB,SYD,2026-07-25,2026-11-01,387
DXB,SYD,2026-07-25,2026-10-20,387
DXB,MIA,2026-07-25,2026-09-25,532
DXB,MIA,2026-07-25,2026-09-07,592
DXB,MIA,2026-07-25,2026-09-10,614
DXB,MIA,2026-07-25,2026-09-30,617
DXB,MIA,2026-07-25,2026-09-22,617
DXB,MIA,2026-07-25,2026-09-05,624
DXB,MIA,2026-07-25,2026-09-09,625
DXB,MIA,2026-07-25,2026-09-29,639
DXB,MIA,2026-07-25,2026-10-01,639
TYO,NYC,2026-07-25,2026-10-07,477
TYO,NYC,2026-07-25,2026-11-12,529
TYO,NYC,2026-07-25,2026-12-17,536
TYO,LHR,2026-07-25,2026-10-24,405
TYO,LHR,2026-07-25,2026-11-29,419
TYO,LHR,2026-07-25,2026-10-18,427
TYO,LHR,2026-07-25,2026-10-15,430
TYO,LHR,2026-07-25,2026-10-13,433
TYO,LHR,2026-07-25,2026-11-28,438
TYO,LHR,2026-07-25,2026-10-07,439
TYO,LHR,2026-07-25,2026-10-11,442
TYO,LHR,2026-07-25,2026-10-16,446
TYO,LHR,2026-07-25,2026-11-27,462
TYO,DXB,2026-07-25,2026-10-28,285
TYO,DXB,2026-07-25,2026-12-02,288
TYO,DXB,2026-07-25,2026-10-29,307
TYO,DXB,2026-07-25,2026-11-10,307
TYO,DXB,2026-07-25,2026-11-04,308
TYO,DXB,2026-07-25,2026-11-17,311
TYO,DXB,2026-07-25,2026-11-14,317
TYO,DXB,2026-07-25,2026-11-23,324
TYO,DXB,2026-07-25,2026-11-28,324
TYO,DXB,2026-07-25,2026-09-26,324
TYO,SIN,2026-07-25,2026-09-26,126
TYO,SIN,2026-07-25,2026-10-02,137
TYO,SIN,2026-07-25,2026-10-04,137
TYO,SIN,2026-07-25,2026-09-28,143
TYO,SIN,2026-07-25,2026-09-24,145
TYO,SIN,2026-07-25,2026-09-30,145
TYO,SIN,2026-07-25,2026-09-25,147
TYO,SIN,2026-07-25,2026-10-01,147
TYO,SIN,2026-07-25,2026-10-06,151
TYO,SIN,2026-07-25,2026-10-05,158
TYO,SIN,2026-07-25,2026-09-27,159
TYO,SIN,2026-07-25,2026-10-13,160
TYO,SIN,2026-07-25,2026-10-07,163
TYO,SIN,2026-07-25,2026-10-27,171
TYO,SIN,2026-07-25,2026-09-11,171
TYO,SIN,2026-07-25,2026-08-27,172
TYO,SIN,2026-07-25,2026-10-20,172
TYO,SIN,2026-07-25,2026-10-14,172
TYO,SIN,2026-07-25,2026-09-15,173
TYO,SIN,2026-07-25,2026-09-08,173
TYO,CDG,2026-07-25,2026-10-22,408
TYO,CDG,2026-07-25,2026-10-03,433
TYO,CDG,2026-07-25,2026-10-15,447
TYO,CDG,2026-07-25,2026-11-02,455
TYO,LAX,2026-07-25,2026-10-06,383
TYO,LAX,2026-07-25,2026-10-07,384
TYO,LAX,2026-07-25,2026-10-27,422
TYO,SYD,2026-07-25,2026-11-25,320
TYO,SYD,2026-07-25,2026-08-22,324
TYO,SYD,2026-07-25,2026-10-15,325
TYO,SYD,2026-07-25,2026-12-02,328
TYO,SYD,2026-07-25,2026-10-26,328
TYO,SYD,2026-07-25,2026-10-14,331
TYO,SYD,2026-07-25,2026-09-09,333
TYO,SYD,2026-07-25,2026-11-23,333
TYO,SYD,2026-07-25,2026-10-06,345
TYO,SYD,2026-07-25,2026-09-08,346
TYO,SYD,2026-07-25,2026-11-04,349
TYO,SYD,2026-07-25,2026-10-29,349
TYO,SYD,2026-07-25,2026-08-27,354
TYO,MIA,2026-07-25,2026-09-14,541
TYO,MIA,2026-07-25,2026-09-16,561
TYO,MIA,2026-07-25,2026-11-16,644
TYO,MIA,2026-07-25,2026-10-12,673
TYO,MIA,2026-07-25,2026-11-20,705
TYO,MIA,2026-07-25,2026-11-23,708
TYO,MIA,2026-07-25,2026-11-25,730
TYO,MIA,2026-07-25,2026-08-19,835
TYO,MIA,2026-07-25,2026-08-22,855
TYO,MIA,2026-07-25,2026-08-18,860
TYO,MIA,2026-07-25,2026-08-05,1206
TYO,MIA,2026-07-25,2026-08-01,1278
TYO,MIA,2026-07-25,2026-08-07,1279
SIN,NYC,2026-07-25,2026-12-10,602
SIN,NYC,2026-07-25,2026-10-01,620
SIN,NYC,2026-07-25,2026-09-07,631
SIN,NYC,2026-07-25,2026-09-15,635
SIN,NYC,2026-07-25,2026-11-01,635
SIN,NYC,2026-07-25,2026-11-04,635
SIN,LHR,2026-07-25,2026-08-11,320
SIN,LHR,2026-07-25,2026-09-16,332
SIN,LHR,2026-07-25,2026-08-14,346
SIN,LHR,2026-07-25,2026-08-19,346
SIN,LHR,2026-07-25,2026-08-05,347
SIN,LHR,2026-07-25,2026-08-20,347
SIN,LHR,2026-07-25,2026-08-03,348
SIN,LHR,2026-07-25,2026-08-10,373
SIN,LHR,2026-07-25,2026-09-06,396
SIN,DXB,2026-07-25,2026-10-05,211
SIN,DXB,2026-07-25,2026-08-18,215
SIN,DXB,2026-07-25,2026-09-24,217
SIN,DXB,2026-07-25,2026-09-23,217
SIN,DXB,2026-07-25,2026-09-25,219
SIN,DXB,2026-07-25,2026-07-27,221
SIN,DXB,2026-07-25,2026-12-22,221
SIN,DXB,2026-07-25,2026-07-29,223
SIN,DXB,2026-07-25,2026-09-16,233
SIN,DXB,2026-07-25,2026-08-01,235
SIN,TYO,2026-07-25,2026-11-05,198
SIN,TYO,2026-07-25,2026-10-29,199
SIN,TYO,2026-07-25,2026-10-09,199
SIN,TYO,2026-07-25,2026-10-28,202
SIN,TYO,2026-07-25,2026-09-11,203
SIN,TYO,2026-07-25,2026-08-05,203
SIN,TYO,2026-07-25,2026-10-18,204
SIN,TYO,2026-07-25,2026-10-21,204
SIN,TYO,2026-07-25,2026-08-04,205
SIN,TYO,2026-07-25,2026-08-06,205
SIN,TYO,2026-07-25,2026-11-01,205
SIN,TYO,2026-07-25,2026-08-09,205
SIN,TYO,2026-07-25,2026-10-10,205
SIN,TYO,2026-07-25,2026-07-27,205
SIN,TYO,2026-07-25,2026-11-08,205
SIN,TYO,2026-07-25,2026-07-28,206
SIN,TYO,2026-07-25,2026-07-31,206
SIN,TYO,2026-07-25,2026-08-01,207
SIN,TYO,2026-07-25,2026-07-30,207
SIN,TYO,2026-07-25,2026-07-29,207
SIN,TYO,2026-07-25,2026-11-09,207
SIN,TYO,2026-07-25,2026-10-05,208
SIN,CDG,2026-07-25,2026-07-31,334
SIN,CDG,2026-07-25,2026-08-02,335
SIN,CDG,2026-07-25,2026-08-03,335
SIN,CDG,2026-07-25,2026-07-30,366
SIN,CDG,2026-07-25,2026-08-06,389
SIN,CDG,2026-07-25,2026-09-04,392
SIN,CDG,2026-07-25,2026-08-21,413
SIN,LAX,2026-07-25,2026-10-27,474
SIN,LAX,2026-07-25,2026-10-05,507
SIN,HND,2026-07-25,2026-10-09,199
SIN,HND,2026-07-25,2026-09-11,203
SIN,HND,2026-07-25,2026-08-05,203
SIN,HND,2026-07-25,2026-10-29,204
SIN,HND,2026-07-25,2026-10-18,204
SIN,HND,2026-07-25,2026-10-21,204
SIN,HND,2026-07-25,2026-08-04,205
SIN,HND,2026-07-25,2026-08-09,205
SIN,HND,2026-07-25,2026-10-10,205
SIN,HND,2026-07-25,2026-07-27,205
SIN,HND,2026-07-25,2026-07-28,206
SIN,HND,2026-07-25,2026-07-31,206
SIN,HND,2026-07-25,2026-08-01,207
SIN,HND,2026-07-25,2026-07-30,207
SIN,HND,2026-07-25,2026-07-29,207
SIN,HND,2026-07-25,2026-10-05,208
SIN,HND,2026-07-25,2026-08-06,209
SIN,HND,2026-07-25,2026-08-03,211
SIN,HND,2026-07-25,2026-10-28,215
SIN,HND,2026-07-25,2026-11-01,217
SIN,SYD,2026-07-25,2026-11-15,190
SIN,SYD,2026-07-25,2026-11-08,201
SIN,SYD,2026-07-25,2026-11-09,203
SIN,SYD,2026-07-25,2026-11-13,203
SIN,SYD,2026-07-25,2026-11-06,203
SIN,SYD,2026-07-25,2026-11-16,206
SIN,MIA,2026-07-25,2026-11-04,709
SIN,MIA,2026-07-25,2026-08-21,788
SIN,MIA,2026-07-25,2026-08-03,970
CDG,NYC,2026-07-25,2026-10-15,352
CDG,NYC,2026-07-25,2026-09-07,354
CDG,NYC,2026-07-25,2026-09-25,358
CDG,NYC,2026-07-25,2026-10-14,358
CDG,NYC,2026-07-25,2026-09-23,358
CDG,NYC,2026-07-25,2026-09-16,359
CDG,NYC,2026-07-25,2026-11-28,360
CDG,NYC,2026-07-25,2026-11-30,360
CDG,NYC,2026-07-25,2026-12-01,360
CDG,NYC,2026-07-25,2026-12-02,360
CDG,NYC,2026-07-25,2026-11-02,369
CDG,NYC,2026-07-25,2026-11-29,370
CDG,LHR,2026-07-25,2026-08-14,85
CDG,LHR,2026-07-25,2026-09-18,85
CDG,LHR,2026-07-25,2026-08-12,86
CDG,LHR,2026-07-25,2026-08-18,86
CDG,LHR,2026-07-25,2026-08-20,86
CDG,LHR,2026-07-25,2026-08-21,86
CDG,LHR,2026-07-25,2026-08-22,86
CDG,LHR,2026-07-25,2026-08-23,86
CDG,LHR,2026-07-25,2026-09-03,86
CDG,LHR,2026-07-25,2026-09-06,86
CDG,LHR,2026-07-25,2026-09-11,86
CDG,LHR,2026-07-25,2026-11-06,86
CDG,LHR,2026-07-25,2026-11-11,86
CDG,LHR,2026-07-25,2026-09-08,86
CDG,LHR,2026-07-25,2026-09-10,86
CDG,LHR,2026-07-25,2026-09-26,87
CDG,LHR,2026-07-25,2026-10-02,87
CDG,LHR,2026-07-25,2026-10-10,87
CDG,LHR,2026-07-25,2026-11-20,87
CDG,LHR,2026-07-25,2026-09-05,87
CDG,LHR,2026-07-25,2026-08-13,92
CDG,LHR,2026-07-25,2026-08-19,93
CDG,LHR,2026-07-25,2026-09-04,93
CDG,LHR,2026-07-25,2026-09-19,93
CDG,DXB,2026-07-25,2026-12-02,174
CDG,DXB,2026-07-25,2026-11-25,192
CDG,DXB,2026-07-25,2026-12-03,195
CDG,DXB,2026-07-25,2026-09-10,206
CDG,DXB,2026-07-25,2026-08-21,220
CDG,DXB,2026-07-25,2026-09-03,228
CDG,DXB,2026-07-25,2026-09-13,230
CDG,DXB,2026-07-25,2026-10-22,238
CDG,DXB,2026-07-25,2026-08-25,239
CDG,TYO,2026-07-25,2026-09-11,419
CDG,TYO,2026-07-25,2026-08-31,435
CDG,TYO,2026-07-25,2026-09-13,437
CDG,TYO,2026-07-25,2026-08-26,439
CDG,TYO,2026-07-25,2026-09-07,449
CDG,TYO,2026-07-25,2026-10-09,454
CDG,TYO,2026-07-25,2026-11-09,462
CDG,TYO,2026-07-25,2026-09-01,471
CDG,TYO,2026-07-25,2026-12-03,476
CDG,TYO,2026-07-25,2026-08-21,501
CDG,TYO,2026-07-25,2026-08-25,506
CDG,TYO,2026-07-25,2026-09-12,511
CDG,TYO,2026-07-25,2026-10-26,513
CDG,TYO,2026-07-25,2026-10-27,513
CDG,SIN,2026-07-25,2026-08-28,344
CDG,SIN,2026-07-25,2026-09-26,363
CDG,LAX,2026-07-25,2026-11-04,375
CDG,LAX,2026-07-25,2026-11-05,375
CDG,LAX,2026-07-25,2026-11-08,375
CDG,LAX,2026-07-25,2026-11-09,375
CDG,LAX,2026-07-25,2026-12-14,380
CDG,LAX,2026-07-25,2026-09-28,389
CDG,HND,2026-07-25,2026-09-11,419
CDG,HND,2026-07-25,2026-08-31,435
CDG,HND,2026-07-25,2026-09-13,437
CDG,HND,2026-07-25,2026-08-26,439
CDG,HND,2026-07-25,2026-09-07,449
CDG,HND,2026-07-25,2026-09-01,471
CDG,HND,2026-07-25,2026-12-03,476
CDG,HND,2026-07-25,2026-10-09,503
CDG,HND,2026-07-25,2026-08-25,506
CDG,HND,2026-07-25,2026-10-26,513
CDG,HND,2026-07-25,2026-11-09,513
CDG,HND,2026-07-25,2026-10-27,513
CDG,HND,2026-07-25,2026-08-22,514
CDG,HND,2026-07-25,2026-11-12,518
CDG,SYD,2026-07-25,2026-08-28,564
CDG,SYD,2026-07-25,2026-08-20,569
CDG,SYD,2026-07-25,2026-11-28,589
CDG,SYD,2026-07-25,2026-11-10,600
CDG,SYD,2026-07-25,2026-08-19,616
CDG,SYD,2026-07-25,2026-08-27,617
CDG,SYD,2026-07-25,2026-10-15,617
CDG,SYD,2026-07-25,2026-08-31,626
CDG,SYD,2026-07-25,2026-09-01,629
CDG,MIA,2026-07-25,2026-10-02,357
CDG,MIA,2026-07-25,2026-09-09,357
CDG,MIA,2026-07-25,2026-10-03,359
CDG,MIA,2026-07-25,2026-12-15,361
CDG,MIA,2026-07-25,2026-09-29,362
CDG,MIA,2026-07-25,2026-09-10,363
LAX,NYC,2026-07-25,2026-09-29,129
LAX,NYC,2026-07-25,2026-08-31,129
LAX,NYC,2026-07-25,2026-09-09,130
LAX,NYC,2026-07-25,2026-10-03,134
LAX,NYC,2026-07-25,2026-09-22,134
LAX,NYC,2026-07-25,2026-09-14,135
LAX,NYC,2026-07-25,2026-09-20,135
LAX,NYC,2026-07-25,2026-10-01,135
LAX,NYC,2026-07-25,2026-11-05,137
LAX,NYC,2026-07-25,2026-09-16,137
LAX,NYC,2026-07-25,2026-09-11,141
LAX,NYC,2026-07-25,2026-11-10,141
LAX,NYC,2026-07-25,2026-08-21,141
LAX,LHR,2026-07-25,2026-10-03,299
LAX,LHR,2026-07-25,2026-11-20,310
LAX,LHR,2026-07-25,2026-08-23,372
LAX,LHR,2026-07-25,2026-08-10,388
LAX,LHR,2026-07-25,2026-10-02,394
LAX,DXB,2026-07-25,2026-08-12,451
LAX,DXB,2026-07-25,2026-08-17,464
LAX,DXB,2026-07-25,2026-10-30,468
LAX,DXB,2026-07-25,2026-08-04,468
LAX,DXB,2026-07-25,2026-08-08,491
LAX,DXB,2026-07-25,2026-11-05,496
LAX,DXB,2026-07-25,2026-08-22,502
LAX,DXB,2026-07-25,2026-08-24,512
LAX,DXB,2026-07-25,2026-10-24,512
LAX,TYO,2026-07-25,2026-07-29,229
LAX,TYO,2026-07-25,2026-08-31,236
LAX,TYO,2026-07-25,2026-08-30,236
LAX,TYO,2026-07-25,2026-08-06,238
LAX,TYO,2026-07-25,2026-08-07,240
LAX,TYO,2026-07-25,2026-08-29,241
LAX,TYO,2026-07-25,2026-08-04,246
LAX,TYO,2026-07-25,2026-08-16,246
LAX,TYO,2026-07-25,2026-07-28,249
LAX,TYO,2026-07-25,2026-07-31,284
LAX,TYO,2026-07-25,2026-08-08,295
LAX,TYO,2026-07-25,2026-08-24,296
LAX,TYO,2026-07-25,2026-08-18,297
LAX,TYO,2026-07-25,2026-08-27,302
LAX,TYO,2026-07-25,2026-08-17,305
LAX,SIN,2026-07-25,2026-08-03,384
LAX,SIN,2026-07-25,2026-11-19,387
LAX,SIN,2026-07-25,2026-08-06,401
LAX,CDG,2026-07-25,2026-11-16,317
LAX,CDG,2026-07-25,2026-10-06,320
LAX,CDG,2026-07-25,2026-10-07,340
LAX,CDG,2026-07-25,2026-10-08,342
LAX,HND,2026-07-25,2026-09-16,337
LAX,HND,2026-07-25,2026-10-28,385
LAX,HND,2026-07-25,2026-11-10,402
LAX,HND,2026-07-25,2026-09-11,412
LAX,HND,2026-07-25,2026-09-12,412
LAX,HND,2026-07-25,2026-10-14,412
LAX,HND,2026-07-25,2026-08-17,422
LAX,SYD,2026-07-25,2026-09-04,517
LAX,SYD,2026-07-25,2026-09-02,529
LAX,SYD,2026-07-25,2026-07-28,533
LAX,SYD,2026-07-25,2026-08-27,533
LAX,SYD,2026-07-25,2026-07-26,534
LAX,MIA,2026-07-25,2026-09-09,120
LAX,MIA,2026-07-25,2026-09-23,124
LAX,MIA,2026-07-25,2026-09-01,124
LAX,MIA,2026-07-25,2026-09-10,127
LAX,MIA,2026-07-25,2026-09-15,128
LAX,MIA,2026-07-25,2026-08-21,128
LAX,MIA,2026-07-25,2026-08-29,129
LAX,MIA,2026-07-25,2026-08-31,130
LAX,MIA,2026-07-25,2026-08-17,130
LAX,MIA,2026-07-25,2026-09-05,130
HND,NYC,2026-07-25,2026-09-24,607
HND,NYC,2026-07-25,2026-11-27,646
HND,LHR,2026-07-25,2026-11-29,442
HND,LHR,2026-07-25,2026-10-24,451
HND,LHR,2026-07-25,2026-11-28,458
HND,LHR,2026-07-25,2026-10-15,478
HND,LHR,2026-07-25,2026-10-13,479
HND,LHR,2026-07-25,2026-10-18,485
HND,LHR,2026-07-25,2026-10-11,497
HND,LHR,2026-07-25,2026-11-14,502
HND,LHR,2026-07-25,2026-10-16,503
HND,DXB,2026-07-25,2026-12-02,288
HND,DXB,2026-07-25,2026-10-28,292
HND,DXB,2026-07-25,2026-11-10,307
HND,DXB,2026-07-25,2026-11-04,313
HND,DXB,2026-07-25,2026-11-23,324
HND,DXB,2026-07-25,2026-11-28,324
HND,DXB,2026-07-25,2026-11-17,324
HND,SIN,2026-07-25,2026-10-04,139
HND,SIN,2026-07-25,2026-10-01,148
HND,SIN,2026-07-25,2026-10-05,158
HND,SIN,2026-07-25,2026-10-06,164
HND,SIN,2026-07-25,2026-09-24,164
HND,SIN,2026-07-25,2026-09-28,172
HND,SIN,2026-07-25,2026-09-12,186
HND,SIN,2026-07-25,2026-10-27,197
HND,SIN,2026-07-25,2026-10-15,201
HND,SIN,2026-07-25,2026-09-25,203
HND,SIN,2026-07-25,2026-10-02,203
HND,SIN,2026-07-25,2026-09-30,203
HND,SIN,2026-07-25,2026-09-27,204
HND,SIN,2026-07-25,2026-09-26,204
HND,SIN,2026-07-25,2026-09-22,204
HND,SIN,2026-07-25,2026-09-08,205
HND,SIN,2026-07-25,2026-08-23,206
HND,CDG,2026-07-25,2026-10-22,491
HND,CDG,2026-07-25,2026-10-15,495
HND,CDG,2026-07-25,2026-11-29,534
HND,CDG,2026-07-25,2026-11-27,536
HND,CDG,2026-07-25,2026-11-30,543
HND,CDG,2026-07-25,2026-09-14,543
HND,LAX,2026-07-25,2026-11-20,578
HND,LAX,2026-07-25,2026-09-10,588
HND,LAX,2026-07-25,2026-08-28,593
HND,LAX,2026-07-25,2026-08-24,596
HND,LAX,2026-07-25,2026-10-22,597
HND,LAX,2026-07-25,2026-09-15,598
HND,LAX,2026-07-25,2026-09-09,603
HND,LAX,2026-07-25,2026-09-12,604
HND,LAX,2026-07-25,2026-10-10,605
HND,LAX,2026-07-25,2026-10-11,605
HND,SYD,2026-07-25,2026-11-06,359
HND,SYD,2026-07-25,2026-09-08,372
HND,SYD,2026-07-25,2026-09-09,373
HND,SYD,2026-07-25,2026-09-12,376
HND,SYD,2026-07-25,2026-11-25,381
HND,SYD,2026-07-25,2026-11-30,382
HND,SYD,2026-07-25,2026-10-18,382
HND,SYD,2026-07-25,2026-10-26,385
HND,SYD,2026-07-25,2026-12-02,387
HND,SYD,2026-07-25,2026-12-18,388
HND,SYD,2026-07-25,2026-11-04,388
HND,SYD,2026-07-25,2026-10-15,389
HND,SYD,2026-07-25,2026-11-23,390
HND,SYD,2026-07-25,2026-10-16,391
HND,SYD,2026-07-25,2026-12-03,393
HND,MIA,2026-07-25,2026-09-14,753
HND,MIA,2026-07-25,2026-11-16,827
HND,MIA,2026-07-25,2026-11-23,834
HND,MIA,2026-07-25,2026-10-12,836
HND,MIA,2026-07-25,2026-08-22,855
HND,MIA,2026-07-25,2026-09-16,887
HND,MIA,2026-07-25,2026-11-20,889
HND,MIA,2026-07-25,2026-11-25,908
HND,MIA,2026-07-25,2026-08-19,1032
HND,MIA,2026-07-25,2026-08-18,1103
HND,MIA,2026-07-25,2026-08-07,1380
HND,MIA,2026-07-25,2026-08-05,1387
HND,MIA,2026-07-25,2026-08-01,1569
SYD,NYC,2026-07-25,2026-10-05,522
SYD,NYC,2026-07-25,2026-10-09,606
SYD,NYC,2026-07-25,2026-08-05,640
SYD,NYC,2026-07-25,2026-07-28,643
SYD,NYC,2026-07-25,2026-08-03,651
SYD,NYC,2026-07-25,2026-08-20,656
SYD,LHR,2026-07-25,2026-07-27,506
SYD,LHR,2026-07-25,2026-08-03,507
SYD,LHR,2026-07-25,2026-08-05,507
SYD,LHR,2026-07-25,2026-08-10,507
SYD,LHR,2026-07-25,2026-07-29,524
SYD,LHR,2026-07-25,2026-08-11,526
SYD,LHR,2026-07-25,2026-08-04,528
SYD,LHR,2026-07-25,2026-10-31,529
SYD,LHR,2026-07-25,2026-08-08,531
SYD,LHR,2026-07-25,2026-07-30,532
SYD,LHR,2026-07-25,2026-08-07,535
SYD,DXB,2026-07-25,2026-10-05,452
SYD,DXB,2026-07-25,2026-08-13,476
SYD,DXB,2026-07-25,2026-09-08,479
SYD,DXB,2026-07-25,2026-09-15,482
SYD,TYO,2026-07-25,2026-10-07,290
SYD,TYO,2026-07-25,2026-10-19,297
SYD,TYO,2026-07-25,2026-11-02,317
SYD,SIN,2026-07-25,2026-10-07,173
SYD,SIN,2026-07-25,2026-11-16,179
SYD,SIN,2026-07-25,2026-11-20,180
SYD,SIN,2026-07-25,2026-10-11,189
SYD,SIN,2026-07-25,2026-10-24,191
SYD,CDG,2026-07-25,2026-10-23,477
SYD,CDG,2026-07-25,2026-10-15,531
SYD,CDG,2026-07-25,2026-08-05,542
SYD,CDG,2026-07-25,2026-08-06,542
SYD,CDG,2026-07-25,2026-09-06,542
SYD,CDG,2026-07-25,2026-08-04,553
SYD,CDG,2026-07-25,2026-10-05,586
SYD,CDG,2026-07-25,2026-09-02,601
SYD,LAX,2026-07-25,2026-08-21,331
SYD,LAX,2026-07-25,2026-08-05,344
SYD,LAX,2026-07-25,2026-08-07,344
SYD,LAX,2026-07-25,2026-09-06,345
SYD,LAX,2026-07-25,2026-10-09,345
SYD,HND,2026-07-25,2026-10-07,290
SYD,HND,2026-07-25,2026-10-19,297
SYD,HND,2026-07-25,2026-11-02,317
SYD,MIA,2026-07-25,2026-08-27,551
SYD,MIA,2026-07-25,2026-11-15,632
SYD,MIA,2026-07-25,2026-07-28,641
SYD,MIA,2026-07-25,2026-08-03,659
SYD,MIA,2026-07-25,2026-09-02,666
SYD,MIA,2026-07-25,2026-11-23,672
SYD,MIA,2026-07-25,2026-08-08,685
SYD,MIA,2026-07-25,2026-11-26,727
SYD,MIA,2026-07-25,2026-11-19,757
SYD,MIA,2026-07-25,2026-11-24,757
SYD,MIA,2026-07-25,2026-11-20,896
SYD,MIA,2026-07-25,2026-11-28,964
MIA,NYC,2026-07-25,2026-08-23,81
MIA,NYC,2026-07-25,2026-09-16,101
MIA,NYC,2026-07-25,2026-08-26,104
MIA,NYC,2026-07-25,2026-09-09,105
MIA,NYC,2026-07-25,2026-09-12,105
MIA,NYC,2026-07-25,2026-09-29,107
MIA,NYC,2026-07-25,2026-10-03,107
MIA,NYC,2026-07-25,2026-08-05,107
MIA,NYC,2026-07-25,2026-09-08,109
MIA,NYC,2026-07-25,2026-08-11,110
MIA,NYC,2026-07-25,2026-08-02,110
MIA,NYC,2026-07-25,2026-08-19,114
MIA,NYC,2026-07-25,2026-09-05,115
MIA,NYC,2026-07-25,2026-08-27,119
MIA,LHR,2026-07-25,2026-09-08,294
MIA,LHR,2026-07-25,2026-12-14,363
MIA,DXB,2026-07-25,2026-08-24,366
MIA,DXB,2026-07-25,2026-08-31,367
MIA,DXB,2026-07-25,2026-08-28,417
MIA,DXB,2026-07-25,2026-08-05,459
MIA,DXB,2026-07-25,2026-10-01,459
MIA,DXB,2026-07-25,2026-08-04,460
MIA,DXB,2026-07-25,2026-10-26,467
MIA,DXB,2026-07-25,2026-10-29,475
MIA,DXB,2026-07-25,2026-11-14,476
MIA,TYO,2026-07-25,2026-08-29,419
MIA,TYO,2026-07-25,2026-07-26,437
MIA,TYO,2026-07-25,2026-10-01,596
MIA,TYO,2026-07-25,2026-10-06,599
MIA,TYO,2026-07-25,2026-11-13,625
MIA,TYO,2026-07-25,2026-11-14,665
MIA,CDG,2026-07-25,2026-10-10,357
MIA,CDG,2026-07-25,2026-10-01,361
MIA,CDG,2026-07-25,2026-08-23,374
MIA,CDG,2026-07-25,2026-09-29,388
MIA,CDG,2026-07-25,2026-10-02,391
MIA,CDG,2026-07-25,2026-09-18,400
MIA,LAX,2026-07-25,2026-08-25,123
MIA,LAX,2026-07-25,2026-09-09,127
MIA,LAX,2026-07-25,2026-08-20,127
MIA,LAX,2026-07-25,2026-08-18,129
MIA,LAX,2026-07-25,2026-08-16,130
MIA,LAX,2026-07-25,2026-08-17,130
MIA,LAX,2026-07-25,2026-09-05,130
MIA,LAX,2026-07-25,2026-08-27,130
MIA,LAX,2026-07-25,2026-10-06,130
MIA,LAX,2026-07-25,2026-08-11,131
MIA,LAX,2026-07-25,2026-11-18,133
MIA,HND,2026-07-25,2026-07-26,574
MIA,HND,2026-07-25,2026-08-29,592
MIA,HND,2026-07-25,2026-10-01,596
MIA,HND,2026-07-25,2026-10-06,643
MIA,HND,2026-07-25,2026-11-13,779
MIA,HND,2026-07-25,2026-11-14,788
MIA,SYD,2026-07-25,2026-08-07,599
MIA,SYD,2026-07-25,2026-08-03,673
